cell,assigned,dominant,continent,share,land_frac,verdict,breakdown,rows,images
Antarctica_-180_-90_-175_-85,Antarctica,Antarctica,Antarctica,1.0,1.0,ocean-label-kept,Antarctica 100%,0,0
Antarctica_-175_-90_-170_-85,Antarctica,Antarctica,Antarctica,1.0,1.0,ocean-label-kept,Antarctica 100%,0,0
Antarctica_-170_-90_-165_-85,Antarctica,Antarctica,Antarctica,1.0,1.0,ocean-label-kept,Antarctica 100%,0,0
Antarctica_-165_-90_-160_-85,Antarctica,Antarctica,Antarctica,1.0,0.999,ocean-label-kept,Antarctica 100%,0,0
Antarctica_-160_-90_-155_-85,Antarctica,Antarctica,Antarctica,1.0,0.984,ocean-label-kept,Antarctica 100%,0,0
Antarctica_-155_-90_-150_-85,Antarctica,Antarctica,Antarctica,1.0,1.0,ocean-label-kept,Antarctica 100%,0,0
Antarctica_-150_-90_-145_-85,Antarctica,Antarctica,Antarctica,1.0,1.0,ocean-label-kept,Antarctica 100%,0,0
Antarctica_-145_-90_-140_-85,Antarctica,Antarctica,Antarctica,1.0,1.0,ocean-label-kept,Antarctica 100%,0,0
Antarctica_-140_-90_-135_-85,Antarctica,Antarctica,Antarctica,1.0,1.0,ocean-label-kept,Antarctica 100%,0,0
Antarctica_-135_-90_-130_-85,Antarctica,Antarctica,Antarctica,1.0,1.0,ocean-label-kept,Antarctica 100%,0,0
Antarctica_-130_-90_-125_-85,Antarctica,Antarctica,Antarctica,1.0,1.0,ocean-label-kept,Antarctica 100%,0,0
Antarctica_-125_-90_-120_-85,Antarctica,Antarctica,Antarctica,1.0,1.0,ocean-label-kept,Antarctica 100%,0,0
Antarctica_-120_-90_-115_-85,Antarctica,Antarctica,Antarctica,1.0,1.0,ocean-label-kept,Antarctica 100%,0,0
Antarctica_-115_-90_-110_-85,Antarctica,Antarctica,Antarctica,1.0,1.0,ocean-label-kept,Antarctica 100%,0,0
Antarctica_-110_-90_-105_-85,Antarctica,Antarctica,Antarctica,1.0,1.0,ocean-label-kept,Antarctica 100%,0,0
Antarctica_-105_-90_-100_-85,Antarctica,Antarctica,Antarctica,1.0,1.0,ocean-label-kept,Antarctica 100%,0,0
Antarctica_-100_-90_-95_-85,Antarctica,Antarctica,Antarctica,1.0,1.0,ocean-label-kept,Antarctica 100%,0,0
Antarctica_-95_-90_-90_-85,Antarctica,Antarctica,Antarctica,1.0,1.0,ocean-label-kept,Antarctica 100%,0,0
Antarctica_-90_-90_-85_-85,Antarctica,Antarctica,Antarctica,1.0,1.0,ocean-label-kept,Antarctica 100%,0,0
Antarctica_-85_-90_-80_-85,Antarctica,Antarctica,Antarctica,1.0,1.0,ocean-label-kept,Antarctica 100%,0,0
Antarctica_-80_-90_-75_-85,Antarctica,Antarctica,Antarctica,1.0,1.0,ocean-label-kept,Antarctica 100%,0,0
Antarctica_-75_-90_-70_-85,Antarctica,Antarctica,Antarctica,1.0,1.0,ocean-label-kept,Antarctica 100%,0,0
Antarctica_-70_-90_-65_-85,Antarctica,Antarctica,Antarctica,1.0,1.0,ocean-label-kept,Antarctica 100%,0,0
Antarctica_-65_-90_-60_-85,Antarctica,Antarctica,Antarctica,1.0,1.0,ocean-label-kept,Antarctica 100%,0,0
Antarctica_-60_-90_-55_-85,Antarctica,Antarctica,Antarctica,1.0,1.0,ocean-label-kept,Antarctica 100%,0,0
Antarctica_-55_-90_-50_-85,Antarctica,Antarctica,Antarctica,1.0,1.0,ocean-label-kept,Antarctica 100%,0,0
Antarctica_-50_-90_-45_-85,Antarctica,Antarctica,Antarctica,1.0,1.0,ocean-label-kept,Antarctica 100%,0,0
Antarctica_-45_-90_-40_-85,Antarctica,Antarctica,Antarctica,1.0,1.0,ocean-label-kept,Antarctica 100%,0,0
Antarctica_-40_-90_-35_-85,Antarctica,Antarctica,Antarctica,1.0,1.0,ocean-label-kept,Antarctica 100%,0,0
Antarctica_-35_-90_-30_-85,Antarctica,Antarctica,Antarctica,1.0,1.0,ocean-label-kept,Antarctica 100%,0,0
Antarctica_-30_-90_-25_-85,Antarctica,Antarctica,Antarctica,1.0,1.0,ocean-label-kept,Antarctica 100%,0,0
Antarctica_-25_-90_-20_-85,Antarctica,Antarctica,Antarctica,1.0,1.0,ocean-label-kept,Antarctica 100%,0,0
Antarctica_-20_-90_-15_-85,Antarctica,Antarctica,Antarctica,1.0,1.0,ocean-label-kept,Antarctica 100%,0,0
Antarctica_-15_-90_-10_-85,Antarctica,Antarctica,Antarctica,1.0,1.0,ocean-label-kept,Antarctica 100%,0,0
Antarctica_-10_-90_-5_-85,Antarctica,Antarctica,Antarctica,1.0,1.0,ocean-label-kept,Antarctica 100%,0,0
Antarctica_-5_-90_0_-85,Antarctica,Antarctica,Antarctica,1.0,1.0,ocean-label-kept,Antarctica 100%,0,0
Antarctica_0_-90_5_-85,Antarctica,Antarctica,Antarctica,1.0,1.0,ocean-label-kept,Antarctica 100%,0,0
Antarctica_5_-90_10_-85,Antarctica,Antarctica,Antarctica,1.0,1.0,ocean-label-kept,Antarctica 100%,0,0
Antarctica_10_-90_15_-85,Antarctica,Antarctica,Antarctica,1.0,1.0,ocean-label-kept,Antarctica 100%,0,0
Antarctica_15_-90_20_-85,Antarctica,Antarctica,Antarctica,1.0,1.0,ocean-label-kept,Antarctica 100%,0,0
Antarctica_20_-90_25_-85,Antarctica,Antarctica,Antarctica,1.0,1.0,ocean-label-kept,Antarctica 100%,0,0
Antarctica_25_-90_30_-85,Antarctica,Antarctica,Antarctica,1.0,1.0,ocean-label-kept,Antarctica 100%,0,0
Antarctica_30_-90_35_-85,Antarctica,Antarctica,Antarctica,1.0,1.0,ocean-label-kept,Antarctica 100%,0,0
Antarctica_35_-90_40_-85,Antarctica,Antarctica,Antarctica,1.0,1.0,ocean-label-kept,Antarctica 100%,0,0
Antarctica_40_-90_45_-85,Antarctica,Antarctica,Antarctica,1.0,1.0,ocean-label-kept,Antarctica 100%,0,0
Antarctica_45_-90_50_-85,Antarctica,Antarctica,Antarctica,1.0,1.0,ocean-label-kept,Antarctica 100%,0,0
Antarctica_50_-90_55_-85,Antarctica,Antarctica,Antarctica,1.0,1.0,ocean-label-kept,Antarctica 100%,0,0
Antarctica_55_-90_60_-85,Antarctica,Antarctica,Antarctica,1.0,1.0,ocean-label-kept,Antarctica 100%,0,0
Antarctica_60_-90_65_-85,Antarctica,Antarctica,Antarctica,1.0,1.0,ocean-label-kept,Antarctica 100%,0,0
Antarctica_65_-90_70_-85,Antarctica,Antarctica,Antarctica,1.0,1.0,ocean-label-kept,Antarctica 100%,0,0
Antarctica_70_-90_75_-85,Antarctica,Antarctica,Antarctica,1.0,1.0,ocean-label-kept,Antarctica 100%,0,0
Antarctica_75_-90_80_-85,Antarctica,Antarctica,Antarctica,1.0,1.0,ocean-label-kept,Antarctica 100%,0,0
Antarctica_80_-90_85_-85,Antarctica,Antarctica,Antarctica,1.0,1.0,ocean-label-kept,Antarctica 100%,0,0
Antarctica_85_-90_90_-85,Antarctica,Antarctica,Antarctica,1.0,1.0,ocean-label-kept,Antarctica 100%,0,0
Antarctica_90_-90_95_-85,Antarctica,Antarctica,Antarctica,1.0,1.0,ocean-label-kept,Antarctica 100%,0,0
Antarctica_95_-90_100_-85,Antarctica,Antarctica,Antarctica,1.0,1.0,ocean-label-kept,Antarctica 100%,0,0
Antarctica_100_-90_105_-85,Antarctica,Antarctica,Antarctica,1.0,1.0,ocean-label-kept,Antarctica 100%,0,0
Antarctica_105_-90_110_-85,Antarctica,Antarctica,Antarctica,1.0,1.0,ocean-label-kept,Antarctica 100%,0,0
Antarctica_110_-90_115_-85,Antarctica,Antarctica,Antarctica,1.0,1.0,ocean-label-kept,Antarctica 100%,0,0
Antarctica_115_-90_120_-85,Antarctica,Antarctica,Antarctica,1.0,1.0,ocean-label-kept,Antarctica 100%,0,0
Antarctica_120_-90_125_-85,Antarctica,Antarctica,Antarctica,1.0,1.0,ocean-label-kept,Antarctica 100%,0,0
Antarctica_125_-90_130_-85,Antarctica,Antarctica,Antarctica,1.0,1.0,ocean-label-kept,Antarctica 100%,0,0
Antarctica_130_-90_135_-85,Antarctica,Antarctica,Antarctica,1.0,1.0,ocean-label-kept,Antarctica 100%,0,0
Antarctica_135_-90_140_-85,Antarctica,Antarctica,Antarctica,1.0,1.0,ocean-label-kept,Antarctica 100%,0,0
Antarctica_140_-90_145_-85,Antarctica,Antarctica,Antarctica,1.0,1.0,ocean-label-kept,Antarctica 100%,0,0
Antarctica_145_-90_150_-85,Antarctica,Antarctica,Antarctica,1.0,1.0,ocean-label-kept,Antarctica 100%,0,0
Antarctica_150_-90_155_-85,Antarctica,Antarctica,Antarctica,1.0,1.0,ocean-label-kept,Antarctica 100%,0,0
Antarctica_155_-90_160_-85,Antarctica,Antarctica,Antarctica,1.0,1.0,ocean-label-kept,Antarctica 100%,0,0
Antarctica_160_-90_165_-85,Antarctica,Antarctica,Antarctica,1.0,1.0,ocean-label-kept,Antarctica 100%,0,0
Antarctica_165_-90_170_-85,Antarctica,Antarctica,Antarctica,1.0,1.0,ocean-label-kept,Antarctica 100%,0,0
Antarctica_170_-90_175_-85,Antarctica,Antarctica,Antarctica,1.0,1.0,ocean-label-kept,Antarctica 100%,0,0
Antarctica_175_-90_180_-85,Antarctica,Antarctica,Antarctica,1.0,1.0,ocean-label-kept,Antarctica 100%,0,0
Antarctica_-180_-85_-175_-80,Antarctica,Antarctica,Antarctica,1.0,0.12,ocean-label-kept,Antarctica 100%,0,0
Antarctica_-175_-85_-170_-80,Antarctica,Antarctica,Antarctica,1.0,0.133,ocean-label-kept,Antarctica 100%,0,0
Antarctica_-170_-85_-165_-80,Antarctica,Antarctica,Antarctica,1.0,0.145,ocean-label-kept,Antarctica 100%,0,0
Antarctica_-165_-85_-160_-80,Antarctica,Antarctica,Antarctica,1.0,0.26,ocean-label-kept,Antarctica 100%,0,0
Antarctica_-160_-85_-155_-80,Antarctica,Antarctica,Antarctica,1.0,0.346,ocean-label-kept,Antarctica 100%,0,0
Antarctica_-155_-85_-150_-80,Antarctica,Antarctica,Antarctica,1.0,0.745,ocean-label-kept,Antarctica 100%,0,0
Antarctica_-150_-85_-145_-80,Antarctica,Antarctica,Antarctica,1.0,0.974,ocean-label-kept,Antarctica 100%,0,0
Antarctica_-145_-85_-140_-80,Antarctica,Antarctica,Antarctica,1.0,1.0,ocean-label-kept,Antarctica 100%,0,0
Antarctica_-140_-85_-135_-80,Antarctica,Antarctica,Antarctica,1.0,1.0,ocean-label-kept,Antarctica 100%,0,0
Antarctica_-135_-85_-130_-80,Antarctica,Antarctica,Antarctica,1.0,1.0,ocean-label-kept,Antarctica 100%,0,0
Antarctica_-130_-85_-125_-80,Antarctica,Antarctica,Antarctica,1.0,1.0,ocean-label-kept,Antarctica 100%,0,0
Antarctica_-125_-85_-120_-80,Antarctica,Antarctica,Antarctica,1.0,1.0,ocean-label-kept,Antarctica 100%,0,0
Antarctica_-120_-85_-115_-80,Antarctica,Antarctica,Antarctica,1.0,1.0,ocean-label-kept,Antarctica 100%,0,0
Antarctica_-115_-85_-110_-80,Antarctica,Antarctica,Antarctica,1.0,1.0,ocean-label-kept,Antarctica 100%,0,0
Antarctica_-110_-85_-105_-80,Antarctica,Antarctica,Antarctica,1.0,1.0,ocean-label-kept,Antarctica 100%,0,0
Antarctica_-105_-85_-100_-80,Antarctica,Antarctica,Antarctica,1.0,1.0,ocean-label-kept,Antarctica 100%,0,0
Antarctica_-100_-85_-95_-80,Antarctica,Antarctica,Antarctica,1.0,1.0,ocean-label-kept,Antarctica 100%,0,0
Antarctica_-95_-85_-90_-80,Antarctica,Antarctica,Antarctica,1.0,1.0,ocean-label-kept,Antarctica 100%,0,0
Antarctica_-90_-85_-85_-80,Antarctica,Antarctica,Antarctica,1.0,1.0,ocean-label-kept,Antarctica 100%,0,0
Antarctica_-85_-85_-80_-80,Antarctica,Antarctica,Antarctica,1.0,1.0,ocean-label-kept,Antarctica 100%,0,0
Antarctica_-80_-85_-75_-80,Antarctica,Antarctica,Antarctica,1.0,0.958,ocean-label-kept,Antarctica 100%,0,0
Antarctica_-75_-85_-70_-80,Antarctica,Antarctica,Antarctica,1.0,0.841,ocean-label-kept,Antarctica 100%,0,0
Antarctica_-70_-85_-65_-80,Antarctica,Antarctica,Antarctica,1.0,0.756,ocean-label-kept,Antarctica 100%,0,0
Antarctica_-65_-85_-60_-80,Antarctica,Antarctica,Antarctica,1.0,0.583,ocean-label-kept,Antarctica 100%,0,0
Antarctica_-60_-85_-55_-80,Antarctica,Antarctica,Antarctica,1.0,0.425,ocean-label-kept,Antarctica 100%,0,0
Antarctica_-55_-85_-50_-80,Antarctica,Antarctica,Antarctica,1.0,0.698,ocean-label-kept,Antarctica 100%,0,0
Antarctica_-50_-85_-45_-80,Antarctica,Antarctica,Antarctica,1.0,0.687,ocean-label-kept,Antarctica 100%,0,0
Antarctica_-45_-85_-40_-80,Antarctica,Antarctica,Antarctica,1.0,0.663,ocean-label-kept,Antarctica 100%,0,0
Antarctica_-40_-85_-35_-80,Antarctica,Antarctica,Antarctica,1.0,0.816,ocean-label-kept,Antarctica 100%,0,0
Antarctica_-35_-85_-30_-80,Antarctica,Antarctica,Antarctica,1.0,0.906,ocean-label-kept,Antarctica 100%,0,0
Antarctica_-30_-85_-25_-80,Antarctica,Antarctica,Antarctica,1.0,0.973,ocean-label-kept,Antarctica 100%,0,0
Antarctica_-25_-85_-20_-80,Antarctica,Antarctica,Antarctica,1.0,0.998,ocean-label-kept,Antarctica 100%,0,0
Antarctica_-20_-85_-15_-80,Antarctica,Antarctica,Antarctica,1.0,1.0,ocean-label-kept,Antarctica 100%,0,0
Antarctica_-15_-85_-10_-80,Antarctica,Antarctica,Antarctica,1.0,1.0,ocean-label-kept,Antarctica 100%,0,0
Antarctica_-10_-85_-5_-80,Antarctica,Antarctica,Antarctica,1.0,1.0,ocean-label-kept,Antarctica 100%,0,0
Antarctica_-5_-85_0_-80,Antarctica,Antarctica,Antarctica,1.0,1.0,ocean-label-kept,Antarctica 100%,0,0
Antarctica_0_-85_5_-80,Antarctica,Antarctica,Antarctica,1.0,1.0,ocean-label-kept,Antarctica 100%,0,0
Antarctica_5_-85_10_-80,Antarctica,Antarctica,Antarctica,1.0,1.0,ocean-label-kept,Antarctica 100%,0,0
Antarctica_10_-85_15_-80,Antarctica,Antarctica,Antarctica,1.0,1.0,ocean-label-kept,Antarctica 100%,0,0
Antarctica_15_-85_20_-80,Antarctica,Antarctica,Antarctica,1.0,1.0,ocean-label-kept,Antarctica 100%,0,0
Antarctica_20_-85_25_-80,Antarctica,Antarctica,Antarctica,1.0,1.0,ocean-label-kept,Antarctica 100%,0,0
Antarctica_25_-85_30_-80,Antarctica,Antarctica,Antarctica,1.0,1.0,ocean-label-kept,Antarctica 100%,0,0
Antarctica_30_-85_35_-80,Antarctica,Antarctica,Antarctica,1.0,1.0,ocean-label-kept,Antarctica 100%,0,0
Antarctica_35_-85_40_-80,Antarctica,Antarctica,Antarctica,1.0,1.0,ocean-label-kept,Antarctica 100%,0,0
Antarctica_40_-85_45_-80,Antarctica,Antarctica,Antarctica,1.0,1.0,ocean-label-kept,Antarctica 100%,0,0
Antarctica_45_-85_50_-80,Antarctica,Antarctica,Antarctica,1.0,1.0,ocean-label-kept,Antarctica 100%,0,0
Antarctica_50_-85_55_-80,Antarctica,Antarctica,Antarctica,1.0,1.0,ocean-label-kept,Antarctica 100%,0,0
Antarctica_55_-85_60_-80,Antarctica,Antarctica,Antarctica,1.0,1.0,ocean-label-kept,Antarctica 100%,0,0
Antarctica_60_-85_65_-80,Antarctica,Antarctica,Antarctica,1.0,1.0,ocean-label-kept,Antarctica 100%,0,0
Antarctica_65_-85_70_-80,Antarctica,Antarctica,Antarctica,1.0,1.0,ocean-label-kept,Antarctica 100%,0,0
Antarctica_70_-85_75_-80,Antarctica,Antarctica,Antarctica,1.0,1.0,ocean-label-kept,Antarctica 100%,0,0
Antarctica_75_-85_80_-80,Antarctica,Antarctica,Antarctica,1.0,1.0,ocean-label-kept,Antarctica 100%,0,0
Antarctica_80_-85_85_-80,Antarctica,Antarctica,Antarctica,1.0,1.0,ocean-label-kept,Antarctica 100%,0,0
Antarctica_85_-85_90_-80,Antarctica,Antarctica,Antarctica,1.0,1.0,ocean-label-kept,Antarctica 100%,0,0
Antarctica_90_-85_95_-80,Antarctica,Antarctica,Antarctica,1.0,1.0,ocean-label-kept,Antarctica 100%,0,0
Antarctica_95_-85_100_-80,Antarctica,Antarctica,Antarctica,1.0,1.0,ocean-label-kept,Antarctica 100%,0,0
Antarctica_100_-85_105_-80,Antarctica,Antarctica,Antarctica,1.0,1.0,ocean-label-kept,Antarctica 100%,0,0
Antarctica_105_-85_110_-80,Antarctica,Antarctica,Antarctica,1.0,1.0,ocean-label-kept,Antarctica 100%,0,0
Antarctica_110_-85_115_-80,Antarctica,Antarctica,Antarctica,1.0,1.0,ocean-label-kept,Antarctica 100%,0,0
Antarctica_115_-85_120_-80,Antarctica,Antarctica,Antarctica,1.0,1.0,ocean-label-kept,Antarctica 100%,0,0
Antarctica_120_-85_125_-80,Antarctica,Antarctica,Antarctica,1.0,1.0,ocean-label-kept,Antarctica 100%,0,0
Antarctica_125_-85_130_-80,Antarctica,Antarctica,Antarctica,1.0,1.0,ocean-label-kept,Antarctica 100%,0,0
Antarctica_130_-85_135_-80,Antarctica,Antarctica,Antarctica,1.0,1.0,ocean-label-kept,Antarctica 100%,0,0
Antarctica_135_-85_140_-80,Antarctica,Antarctica,Antarctica,1.0,1.0,ocean-label-kept,Antarctica 100%,0,0
Antarctica_140_-85_145_-80,Antarctica,Antarctica,Antarctica,1.0,1.0,ocean-label-kept,Antarctica 100%,0,0
Antarctica_145_-85_150_-80,Antarctica,Antarctica,Antarctica,1.0,1.0,ocean-label-kept,Antarctica 100%,0,0
Antarctica_150_-85_155_-80,Antarctica,Antarctica,Antarctica,1.0,1.0,ocean-label-kept,Antarctica 100%,0,0
Antarctica_155_-85_160_-80,Antarctica,Antarctica,Antarctica,1.0,0.988,ocean-label-kept,Antarctica 100%,0,0
Antarctica_160_-85_165_-80,Antarctica,Antarctica,Antarctica,1.0,0.636,ocean-label-kept,Antarctica 100%,0,0
Antarctica_165_-85_170_-80,Antarctica,Antarctica,Antarctica,1.0,0.405,ocean-label-kept,Antarctica 100%,0,0
Antarctica_170_-85_175_-80,Antarctica,Antarctica,Antarctica,1.0,0.269,ocean-label-kept,Antarctica 100%,0,0
Antarctica_175_-85_180_-80,Antarctica,Antarctica,Antarctica,1.0,0.184,ocean-label-kept,Antarctica 100%,0,0
Antarctica_-180_-80_-175_-75,Antarctica,,,0.0,0.0,ocean-no-land,,0,0
Antarctica_-175_-80_-170_-75,Antarctica,,,0.0,0.0,ocean-no-land,,0,0
Antarctica_-170_-80_-165_-75,Antarctica,,,0.0,0.0,ocean-no-land,,0,0
Antarctica_-165_-80_-160_-75,Antarctica,Antarctica,Antarctica,1.0,0.12,ocean-label-kept,Antarctica 100%,0,0
Antarctica_-160_-80_-155_-75,Antarctica,Antarctica,Antarctica,1.0,0.167,ocean-label-kept,Antarctica 100%,0,0
Antarctica_-155_-80_-150_-75,Antarctica,Antarctica,Antarctica,1.0,0.371,ocean-label-kept,Antarctica 100%,0,0
Antarctica_-150_-80_-145_-75,Antarctica,Antarctica,Antarctica,1.0,0.602,ocean-label-kept,Antarctica 100%,0,0
Antarctica_-145_-80_-140_-75,Antarctica,Antarctica,Antarctica,1.0,0.881,ocean-label-kept,Antarctica 100%,0,0
Antarctica_-140_-80_-135_-75,Antarctica,Antarctica,Antarctica,1.0,0.979,ocean-label-kept,Antarctica 100%,0,0
Antarctica_-135_-80_-130_-75,Antarctica,Antarctica,Antarctica,1.0,1.0,ocean-label-kept,Antarctica 100%,0,0
Antarctica_-130_-80_-125_-75,Antarctica,Antarctica,Antarctica,1.0,1.0,ocean-label-kept,Antarctica 100%,0,0
Antarctica_-125_-80_-120_-75,Antarctica,Antarctica,Antarctica,1.0,1.0,ocean-label-kept,Antarctica 100%,0,0
Antarctica_-120_-80_-115_-75,Antarctica,Antarctica,Antarctica,1.0,1.0,ocean-label-kept,Antarctica 100%,0,0
Antarctica_-115_-80_-110_-75,Antarctica,Antarctica,Antarctica,1.0,0.99,ocean-label-kept,Antarctica 100%,0,0
Antarctica_-110_-80_-105_-75,Antarctica,Antarctica,Antarctica,1.0,0.949,ocean-label-kept,Antarctica 100%,0,0
Antarctica_-105_-80_-100_-75,Antarctica,Antarctica,Antarctica,1.0,0.959,ocean-label-kept,Antarctica 100%,0,0
Antarctica_-100_-80_-95_-75,Antarctica,Antarctica,Antarctica,1.0,0.985,ocean-label-kept,Antarctica 100%,0,0
Antarctica_-95_-80_-90_-75,Antarctica,Antarctica,Antarctica,1.0,1.0,ocean-label-kept,Antarctica 100%,0,0
Antarctica_-90_-80_-85_-75,Antarctica,Antarctica,Antarctica,1.0,1.0,ocean-label-kept,Antarctica 100%,0,0
Antarctica_-85_-80_-80_-75,Antarctica,Antarctica,Antarctica,1.0,0.908,ocean-label-kept,Antarctica 100%,0,0
Antarctica_-80_-80_-75_-75,Antarctica,Antarctica,Antarctica,1.0,0.692,ocean-label-kept,Antarctica 100%,0,0
Antarctica_-75_-80_-70_-75,Antarctica,Antarctica,Antarctica,1.0,0.43,ocean-label-kept,Antarctica 100%,0,0
Antarctica_-70_-80_-65_-75,Antarctica,Antarctica,Antarctica,1.0,0.318,ocean-label-kept,Antarctica 100%,0,0
Antarctica_-65_-80_-60_-75,Antarctica,Antarctica,Antarctica,1.0,0.048,ocean-label-kept,Antarctica 100%,0,0
Antarctica_-60_-80_-55_-75,Antarctica,Antarctica,Antarctica,1.0,0.002,ocean-label-kept,Antarctica 100%,0,0
Antarctica_-55_-80_-50_-75,Antarctica,Antarctica,Antarctica,1.0,0.036,ocean-label-kept,Antarctica 100%,0,0
Antarctica_-50_-80_-45_-75,Antarctica,Antarctica,Antarctica,1.0,0.408,ocean-label-kept,Antarctica 100%,0,0
Antarctica_-45_-80_-40_-75,Antarctica,Antarctica,Antarctica,1.0,0.111,ocean-label-kept,Antarctica 100%,0,0
Antarctica_-40_-80_-35_-75,Antarctica,Antarctica,Antarctica,1.0,0.048,ocean-label-kept,Antarctica 100%,0,0
Antarctica_-35_-80_-30_-75,Antarctica,Antarctica,Antarctica,1.0,0.421,ocean-label-kept,Antarctica 100%,0,0
Antarctica_-30_-80_-25_-75,Antarctica,Antarctica,Antarctica,1.0,0.7,ocean-label-kept,Antarctica 100%,0,0
Antarctica_-25_-80_-20_-75,Antarctica,Antarctica,Antarctica,1.0,0.851,ocean-label-kept,Antarctica 100%,0,0
Antarctica_-20_-80_-15_-75,Antarctica,Antarctica,Antarctica,1.0,0.971,ocean-label-kept,Antarctica 100%,0,0
Antarctica_-15_-80_-10_-75,Antarctica,Antarctica,Antarctica,1.0,1.0,ocean-label-kept,Antarctica 100%,0,0
Antarctica_-10_-80_-5_-75,Antarctica,Antarctica,Antarctica,1.0,1.0,ocean-label-kept,Antarctica 100%,0,0
Antarctica_-5_-80_0_-75,Antarctica,Antarctica,Antarctica,1.0,1.0,ocean-label-kept,Antarctica 100%,0,0
Antarctica_0_-80_5_-75,Antarctica,Antarctica,Antarctica,1.0,1.0,ocean-label-kept,Antarctica 100%,0,0
Antarctica_5_-80_10_-75,Antarctica,Antarctica,Antarctica,1.0,1.0,ocean-label-kept,Antarctica 100%,0,0
Antarctica_10_-80_15_-75,Antarctica,Antarctica,Antarctica,1.0,1.0,ocean-label-kept,Antarctica 100%,0,0
Antarctica_15_-80_20_-75,Antarctica,Antarctica,Antarctica,1.0,1.0,ocean-label-kept,Antarctica 100%,0,0
Antarctica_20_-80_25_-75,Antarctica,Antarctica,Antarctica,1.0,1.0,ocean-label-kept,Antarctica 100%,0,0
Antarctica_25_-80_30_-75,Antarctica,Antarctica,Antarctica,1.0,1.0,ocean-label-kept,Antarctica 100%,0,0
Antarctica_30_-80_35_-75,Antarctica,Antarctica,Antarctica,1.0,1.0,ocean-label-kept,Antarctica 100%,0,0
Antarctica_35_-80_40_-75,Antarctica,Antarctica,Antarctica,1.0,1.0,ocean-label-kept,Antarctica 100%,0,0
Antarctica_40_-80_45_-75,Antarctica,Antarctica,Antarctica,1.0,1.0,ocean-label-kept,Antarctica 100%,0,0
Antarctica_45_-80_50_-75,Antarctica,Antarctica,Antarctica,1.0,1.0,ocean-label-kept,Antarctica 100%,0,0
Antarctica_50_-80_55_-75,Antarctica,Antarctica,Antarctica,1.0,1.0,ocean-label-kept,Antarctica 100%,0,0
Antarctica_55_-80_60_-75,Antarctica,Antarctica,Antarctica,1.0,1.0,ocean-label-kept,Antarctica 100%,0,0
Antarctica_60_-80_65_-75,Antarctica,Antarctica,Antarctica,1.0,1.0,ocean-label-kept,Antarctica 100%,0,0
Antarctica_65_-80_70_-75,Antarctica,Antarctica,Antarctica,1.0,1.0,ocean-label-kept,Antarctica 100%,0,0
Antarctica_70_-80_75_-75,Antarctica,Antarctica,Antarctica,1.0,1.0,ocean-label-kept,Antarctica 100%,0,0
Antarctica_75_-80_80_-75,Antarctica,Antarctica,Antarctica,1.0,1.0,ocean-label-kept,Antarctica 100%,0,0
Antarctica_80_-80_85_-75,Antarctica,Antarctica,Antarctica,1.0,1.0,ocean-label-kept,Antarctica 100%,0,0
Antarctica_85_-80_90_-75,Antarctica,Antarctica,Antarctica,1.0,1.0,ocean-label-kept,Antarctica 100%,0,0
Antarctica_90_-80_95_-75,Antarctica,Antarctica,Antarctica,1.0,1.0,ocean-label-kept,Antarctica 100%,0,0
Antarctica_95_-80_100_-75,Antarctica,Antarctica,Antarctica,1.0,1.0,ocean-label-kept,Antarctica 100%,0,0
Antarctica_100_-80_105_-75,Antarctica,Antarctica,Antarctica,1.0,1.0,ocean-label-kept,Antarctica 100%,0,0
Antarctica_105_-80_110_-75,Antarctica,Antarctica,Antarctica,1.0,1.0,ocean-label-kept,Antarctica 100%,0,0
Antarctica_110_-80_115_-75,Antarctica,Antarctica,Antarctica,1.0,1.0,ocean-label-kept,Antarctica 100%,0,0
Antarctica_115_-80_120_-75,Antarctica,Antarctica,Antarctica,1.0,1.0,ocean-label-kept,Antarctica 100%,0,0
Antarctica_120_-80_125_-75,Antarctica,Antarctica,Antarctica,1.0,1.0,ocean-label-kept,Antarctica 100%,0,0
Antarctica_125_-80_130_-75,Antarctica,Antarctica,Antarctica,1.0,1.0,ocean-label-kept,Antarctica 100%,0,0
Antarctica_130_-80_135_-75,Antarctica,Antarctica,Antarctica,1.0,1.0,ocean-label-kept,Antarctica 100%,0,0
Antarctica_135_-80_140_-75,Antarctica,Antarctica,Antarctica,1.0,1.0,ocean-label-kept,Antarctica 100%,0,0
Antarctica_140_-80_145_-75,Antarctica,Antarctica,Antarctica,1.0,1.0,ocean-label-kept,Antarctica 100%,0,0
Antarctica_145_-80_150_-75,Antarctica,Antarctica,Antarctica,1.0,1.0,ocean-label-kept,Antarctica 100%,0,0
Antarctica_150_-80_155_-75,Antarctica,Antarctica,Antarctica,1.0,1.0,ocean-label-kept,Antarctica 100%,0,0
Antarctica_155_-80_160_-75,Antarctica,Antarctica,Antarctica,1.0,1.0,ocean-label-kept,Antarctica 100%,0,0
Antarctica_160_-80_165_-75,Antarctica,Antarctica,Antarctica,1.0,0.518,ocean-label-kept,Antarctica 100%,0,0
Antarctica_165_-80_170_-75,Antarctica,Antarctica,Antarctica,1.0,0.068,ocean-label-kept,Antarctica 100%,0,0
Antarctica_170_-80_175_-75,Antarctica,,,0.0,0.0,ocean-no-land,,0,0
Antarctica_175_-80_180_-75,Antarctica,,,0.0,0.0,ocean-no-land,,0,0
Antarctica_-180_-75_-175_-70,Antarctica,,,0.0,0.0,ocean-no-land,,0,0
Antarctica_-175_-75_-170_-70,Antarctica,,,0.0,0.0,ocean-no-land,,0,0
Antarctica_-170_-75_-165_-70,Antarctica,,,0.0,0.0,ocean-no-land,,0,0
Antarctica_-165_-75_-160_-70,Antarctica,,,0.0,0.0,ocean-no-land,,0,0
Antarctica_-160_-75_-155_-70,Antarctica,,,0.0,0.0,ocean-no-land,,0,0
Antarctica_-155_-75_-150_-70,Antarctica,,,0.0,0.0,ocean-no-land,,0,0
Antarctica_-150_-75_-145_-70,Antarctica,,,0.0,0.0,ocean-no-land,,0,0
Antarctica_-145_-75_-140_-70,Antarctica,,,0.0,0.0,ocean-no-land,,0,0
Antarctica_-140_-75_-135_-70,Antarctica,Antarctica,Antarctica,1.0,0.014,ocean-label-kept,Antarctica 100%,0,0
Antarctica_-135_-75_-130_-70,Antarctica,Antarctica,Antarctica,1.0,0.047,ocean-label-kept,Antarctica 100%,0,0
Antarctica_-130_-75_-125_-70,Antarctica,Antarctica,Antarctica,1.0,0.098,ocean-label-kept,Antarctica 100%,0,0
Antarctica_-125_-75_-120_-70,Antarctica,Antarctica,Antarctica,1.0,0.129,ocean-label-kept,Antarctica 100%,0,0
Antarctica_-120_-75_-115_-70,Antarctica,Antarctica,Antarctica,1.0,0.121,ocean-label-kept,Antarctica 100%,0,0
Antarctica_-115_-75_-110_-70,Antarctica,Antarctica,Antarctica,1.0,0.101,ocean-label-kept,Antarctica 100%,0,0
Antarctica_-110_-75_-105_-70,Antarctica,Antarctica,Antarctica,1.0,0.001,ocean-label-kept,Antarctica 100%,0,0
Antarctica_-105_-75_-100_-70,Antarctica,Antarctica,Antarctica,1.0,0.145,ocean-label-kept,Antarctica 100%,0,0
Antarctica_-100_-75_-95_-70,Antarctica,Antarctica,Antarctica,1.0,0.458,ocean-label-kept,Antarctica 100%,0,0
Antarctica_-95_-75_-90_-70,Antarctica,Antarctica,Antarctica,1.0,0.376,ocean-label-kept,Antarctica 100%,0,0
Antarctica_-90_-75_-85_-70,Antarctica,Antarctica,Antarctica,1.0,0.376,ocean-label-kept,Antarctica 100%,0,0
Antarctica_-85_-75_-80_-70,Antarctica,Antarctica,Antarctica,1.0,0.286,ocean-label-kept,Antarctica 100%,0,0
Antarctica_-80_-75_-75_-70,Antarctica,Antarctica,Antarctica,1.0,0.341,ocean-label-kept,Antarctica 100%,0,0
Antarctica_-75_-75_-70_-70,Antarctica,Antarctica,Antarctica,1.0,0.566,ocean-label-kept,Antarctica 100%,0,0
Antarctica_-70_-75_-65_-70,Antarctica,Antarctica,Antarctica,1.0,0.838,ocean-label-kept,Antarctica 100%,0,0
Antarctica_-65_-75_-60_-70,Antarctica,Antarctica,Antarctica,1.0,0.73,ocean-label-kept,Antarctica 100%,0,0
Antarctica_-60_-75_-55_-70,Antarctica,Antarctica,Antarctica,1.0,0.0,ocean-label-kept,Antarctica 100%,0,0
Antarctica_-55_-75_-50_-70,Antarctica,,,0.0,0.0,ocean-no-land,,0,0
Antarctica_-50_-75_-45_-70,Antarctica,,,0.0,0.0,ocean-no-land,,0,0
Antarctica_-45_-75_-40_-70,Antarctica,,,0.0,0.0,ocean-no-land,,0,0
Antarctica_-40_-75_-35_-70,Antarctica,,,0.0,0.0,ocean-no-land,,0,0
Antarctica_-35_-75_-30_-70,Antarctica,,,0.0,0.0,ocean-no-land,,0,0
Antarctica_-30_-75_-25_-70,Antarctica,,,0.0,0.0,ocean-no-land,,0,0
Antarctica_-25_-75_-20_-70,Antarctica,Antarctica,Antarctica,1.0,0.018,ocean-label-kept,Antarctica 100%,0,0
Antarctica_-20_-75_-15_-70,Antarctica,Antarctica,Antarctica,1.0,0.118,ocean-label-kept,Antarctica 100%,0,0
Antarctica_-15_-75_-10_-70,Antarctica,Antarctica,Antarctica,1.0,0.536,ocean-label-kept,Antarctica 100%,0,0
Antarctica_-10_-75_-5_-70,Antarctica,Antarctica,Antarctica,1.0,0.77,ocean-label-kept,Antarctica 100%,0,0
Antarctica_-5_-75_0_-70,Antarctica,Antarctica,Antarctica,1.0,0.741,ocean-label-kept,Antarctica 100%,0,0
Antarctica_0_-75_5_-70,Antarctica,Antarctica,Antarctica,1.0,0.818,ocean-label-kept,Antarctica 100%,0,0
Antarctica_5_-75_10_-70,Antarctica,Antarctica,Antarctica,1.0,0.905,ocean-label-kept,Antarctica 100%,0,0
Antarctica_10_-75_15_-70,Antarctica,Antarctica,Antarctica,1.0,0.912,ocean-label-kept,Antarctica 100%,0,0
Antarctica_15_-75_20_-70,Antarctica,Antarctica,Antarctica,1.0,0.912,ocean-label-kept,Antarctica 100%,0,0
Antarctica_20_-75_25_-70,Antarctica,Antarctica,Antarctica,1.0,0.867,ocean-label-kept,Antarctica 100%,0,0
Antarctica_25_-75_30_-70,Antarctica,Antarctica,Antarctica,1.0,0.855,ocean-label-kept,Antarctica 100%,0,0
Antarctica_30_-75_35_-70,Antarctica,Antarctica,Antarctica,1.0,0.98,ocean-label-kept,Antarctica 100%,0,0
Antarctica_35_-75_40_-70,Antarctica,Antarctica,Antarctica,1.0,0.998,ocean-label-kept,Antarctica 100%,0,0
Antarctica_40_-75_45_-70,Antarctica,Antarctica,Antarctica,1.0,1.0,ocean-label-kept,Antarctica 100%,0,0
Antarctica_45_-75_50_-70,Antarctica,Antarctica,Antarctica,1.0,1.0,ocean-label-kept,Antarctica 100%,0,0
Antarctica_50_-75_55_-70,Antarctica,Antarctica,Antarctica,1.0,1.0,ocean-label-kept,Antarctica 100%,0,0
Antarctica_55_-75_60_-70,Antarctica,Antarctica,Antarctica,1.0,1.0,ocean-label-kept,Antarctica 100%,0,0
Antarctica_60_-75_65_-70,Antarctica,Antarctica,Antarctica,1.0,1.0,ocean-label-kept,Antarctica 100%,0,0
Antarctica_65_-75_70_-70,Antarctica,Antarctica,Antarctica,1.0,0.785,ocean-label-kept,Antarctica 100%,0,0
Antarctica_70_-75_75_-70,Antarctica,Antarctica,Antarctica,1.0,0.86,ocean-label-kept,Antarctica 100%,0,0
Antarctica_75_-75_80_-70,Antarctica,Antarctica,Antarctica,1.0,1.0,ocean-label-kept,Antarctica 100%,0,0
Antarctica_80_-75_85_-70,Antarctica,Antarctica,Antarctica,1.0,1.0,ocean-label-kept,Antarctica 100%,0,0
Antarctica_85_-75_90_-70,Antarctica,Antarctica,Antarctica,1.0,1.0,ocean-label-kept,Antarctica 100%,0,0
Antarctica_90_-75_95_-70,Antarctica,Antarctica,Antarctica,1.0,1.0,ocean-label-kept,Antarctica 100%,0,0
Antarctica_95_-75_100_-70,Antarctica,Antarctica,Antarctica,1.0,1.0,ocean-label-kept,Antarctica 100%,0,0
Antarctica_100_-75_105_-70,Antarctica,Antarctica,Antarctica,1.0,1.0,ocean-label-kept,Antarctica 100%,0,0
Antarctica_105_-75_110_-70,Antarctica,Antarctica,Antarctica,1.0,1.0,ocean-label-kept,Antarctica 100%,0,0
Antarctica_110_-75_115_-70,Antarctica,Antarctica,Antarctica,1.0,1.0,ocean-label-kept,Antarctica 100%,0,0
Antarctica_115_-75_120_-70,Antarctica,Antarctica,Antarctica,1.0,1.0,ocean-label-kept,Antarctica 100%,0,0
Antarctica_120_-75_125_-70,Antarctica,Antarctica,Antarctica,1.0,1.0,ocean-label-kept,Antarctica 100%,0,0
Antarctica_125_-75_130_-70,Antarctica,Antarctica,Antarctica,1.0,1.0,ocean-label-kept,Antarctica 100%,0,0
Antarctica_130_-75_135_-70,Antarctica,Antarctica,Antarctica,1.0,1.0,ocean-label-kept,Antarctica 100%,0,0
Antarctica_135_-75_140_-70,Antarctica,Antarctica,Antarctica,1.0,1.0,ocean-label-kept,Antarctica 100%,0,0
Antarctica_140_-75_145_-70,Antarctica,Antarctica,Antarctica,1.0,1.0,ocean-label-kept,Antarctica 100%,0,0
Antarctica_145_-75_150_-70,Antarctica,Antarctica,Antarctica,1.0,1.0,ocean-label-kept,Antarctica 100%,0,0
Antarctica_150_-75_155_-70,Antarctica,Antarctica,Antarctica,1.0,1.0,ocean-label-kept,Antarctica 100%,0,0
Antarctica_155_-75_160_-70,Antarctica,Antarctica,Antarctica,1.0,1.0,ocean-label-kept,Antarctica 100%,0,0
Antarctica_160_-75_165_-70,Antarctica,Antarctica,Antarctica,1.0,0.858,ocean-label-kept,Antarctica 100%,0,0
Antarctica_165_-75_170_-70,Antarctica,Antarctica,Antarctica,1.0,0.467,ocean-label-kept,Antarctica 100%,0,0
Antarctica_170_-75_175_-70,Antarctica,Antarctica,Antarctica,1.0,0.015,ocean-label-kept,Antarctica 100%,0,0
Antarctica_175_-75_180_-70,Antarctica,,,0.0,0.0,ocean-no-land,,0,0
Antarctica_-180_-70_-175_-65,Antarctica,,,0.0,0.0,ocean-no-land,,0,0
Antarctica_-175_-70_-170_-65,Antarctica,,,0.0,0.0,ocean-no-land,,0,0
Antarctica_-170_-70_-165_-65,Antarctica,,,0.0,0.0,ocean-no-land,,0,0
Antarctica_-165_-70_-160_-65,Antarctica,,,0.0,0.0,ocean-no-land,,0,0
Antarctica_-160_-70_-155_-65,Antarctica,,,0.0,0.0,ocean-no-land,,0,0
Antarctica_-155_-70_-150_-65,Antarctica,,,0.0,0.0,ocean-no-land,,0,0
Antarctica_-150_-70_-145_-65,Antarctica,,,0.0,0.0,ocean-no-land,,0,0
Antarctica_-145_-70_-140_-65,Antarctica,,,0.0,0.0,ocean-no-land,,0,0
Antarctica_-140_-70_-135_-65,Antarctica,,,0.0,0.0,ocean-no-land,,0,0
Antarctica_-135_-70_-130_-65,Antarctica,,,0.0,0.0,ocean-no-land,,0,0
Antarctica_-130_-70_-125_-65,Antarctica,,,0.0,0.0,ocean-no-land,,0,0
Antarctica_-125_-70_-120_-65,Antarctica,,,0.0,0.0,ocean-no-land,,0,0
Antarctica_-120_-70_-115_-65,Antarctica,,,0.0,0.0,ocean-no-land,,0,0
Antarctica_-115_-70_-110_-65,Antarctica,,,0.0,0.0,ocean-no-land,,0,0
Antarctica_-110_-70_-105_-65,Antarctica,,,0.0,0.0,ocean-no-land,,0,0
Antarctica_-105_-70_-100_-65,Antarctica,,,0.0,0.0,ocean-no-land,,0,0
Antarctica_-100_-70_-95_-65,Antarctica,,,0.0,0.0,ocean-no-land,,0,0
Antarctica_-95_-70_-90_-65,Antarctica,Antarctica,Antarctica,1.0,0.0,ocean-label-kept,Antarctica 100%,0,0
Antarctica_-90_-70_-85_-65,Antarctica,,,0.0,0.0,ocean-no-land,,0,0
Antarctica_-85_-70_-80_-65,Antarctica,,,0.0,0.0,ocean-no-land,,0,0
Antarctica_-80_-70_-75_-65,Antarctica,Antarctica,Antarctica,1.0,0.006,ocean-label-kept,Antarctica 100%,0,0
Antarctica_-75_-70_-70_-65,Antarctica,Antarctica,Antarctica,1.0,0.097,ocean-label-kept,Antarctica 100%,0,0
Antarctica_-70_-70_-65_-65,Antarctica,Antarctica,Antarctica,1.0,0.364,ocean-label-kept,Antarctica 100%,0,0
Antarctica_-65_-70_-60_-65,Antarctica,Antarctica,Antarctica,1.0,0.288,ocean-label-kept,Antarctica 100%,0,0
Antarctica_-60_-70_-55_-65,Antarctica,,,0.0,0.0,ocean-no-land,,0,0
Antarctica_-55_-70_-50_-65,Antarctica,,,0.0,0.0,ocean-no-land,,0,0
Antarctica_-50_-70_-45_-65,Antarctica,,,0.0,0.0,ocean-no-land,,0,0
Antarctica_-45_-70_-40_-65,Antarctica,,,0.0,0.0,ocean-no-land,,0,0
Antarctica_-40_-70_-35_-65,Antarctica,,,0.0,0.0,ocean-no-land,,0,0
Antarctica_-35_-70_-30_-65,Antarctica,,,0.0,0.0,ocean-no-land,,0,0
Antarctica_-30_-70_-25_-65,Antarctica,,,0.0,0.0,ocean-no-land,,0,0
Antarctica_-25_-70_-20_-65,Antarctica,,,0.0,0.0,ocean-no-land,,0,0
Antarctica_-20_-70_-15_-65,Antarctica,,,0.0,0.0,ocean-no-land,,0,0
Antarctica_-15_-70_-10_-65,Antarctica,,,0.0,0.0,ocean-no-land,,0,0
Antarctica_-10_-70_-5_-65,Antarctica,,,0.0,0.0,ocean-no-land,,0,0
Antarctica_-5_-70_0_-65,Antarctica,,,0.0,0.0,ocean-no-land,,0,0
Antarctica_0_-70_5_-65,Antarctica,,,0.0,0.0,ocean-no-land,,0,0
Antarctica_5_-70_10_-65,Antarctica,,,0.0,0.0,ocean-no-land,,0,0
Antarctica_10_-70_15_-65,Antarctica,,,0.0,0.0,ocean-no-land,,0,0
Antarctica_15_-70_20_-65,Antarctica,Antarctica,Antarctica,1.0,0.008,ocean-label-kept,Antarctica 100%,0,0
Antarctica_20_-70_25_-65,Antarctica,,,0.0,0.0,ocean-no-land,,0,0
Antarctica_25_-70_30_-65,Antarctica,,,0.0,0.0,ocean-no-land,,0,0
Antarctica_30_-70_35_-65,Antarctica,Antarctica,Antarctica,1.0,0.098,ocean-label-kept,Antarctica 100%,0,0
Antarctica_35_-70_40_-65,Antarctica,Antarctica,Antarctica,1.0,0.06,ocean-label-kept,Antarctica 100%,0,0
Antarctica_40_-70_45_-65,Antarctica,Antarctica,Antarctica,1.0,0.34,ocean-label-kept,Antarctica 100%,0,0
Antarctica_45_-70_50_-65,Antarctica,Antarctica,Antarctica,1.0,0.507,ocean-label-kept,Antarctica 100%,0,0
Antarctica_50_-70_55_-65,Antarctica,Antarctica,Antarctica,1.0,0.777,ocean-label-kept,Antarctica 100%,0,0
Antarctica_55_-70_60_-65,Antarctica,Antarctica,Antarctica,1.0,0.623,ocean-label-kept,Antarctica 100%,0,0
Antarctica_60_-70_65_-65,Antarctica,Antarctica,Antarctica,1.0,0.492,ocean-label-kept,Antarctica 100%,0,0
Antarctica_65_-70_70_-65,Antarctica,Antarctica,Antarctica,1.0,0.393,ocean-label-kept,Antarctica 100%,0,0
Antarctica_70_-70_75_-65,Antarctica,Antarctica,Antarctica,1.0,0.012,ocean-label-kept,Antarctica 100%,0,0
Antarctica_75_-70_80_-65,Antarctica,Antarctica,Antarctica,1.0,0.201,ocean-label-kept,Antarctica 100%,0,0
Antarctica_80_-70_85_-65,Antarctica,Antarctica,Antarctica,1.0,0.481,ocean-label-kept,Antarctica 100%,0,0
Antarctica_85_-70_90_-65,Antarctica,Antarctica,Antarctica,1.0,0.619,ocean-label-kept,Antarctica 100%,0,0
Antarctica_90_-70_95_-65,Antarctica,Antarctica,Antarctica,1.0,0.679,ocean-label-kept,Antarctica 100%,0,0
Antarctica_95_-70_100_-65,Antarctica,Antarctica,Antarctica,1.0,0.689,ocean-label-kept,Antarctica 100%,0,0
Antarctica_100_-70_105_-65,Antarctica,Antarctica,Antarctica,1.0,0.796,ocean-label-kept,Antarctica 100%,0,0
Antarctica_105_-70_110_-65,Antarctica,Antarctica,Antarctica,1.0,0.686,ocean-label-kept,Antarctica 100%,0,0
Antarctica_110_-70_115_-65,Antarctica,Antarctica,Antarctica,1.0,0.766,ocean-label-kept,Antarctica 100%,0,0
Antarctica_115_-70_120_-65,Antarctica,Antarctica,Antarctica,1.0,0.578,ocean-label-kept,Antarctica 100%,0,0
Antarctica_120_-70_125_-65,Antarctica,Antarctica,Antarctica,1.0,0.623,ocean-label-kept,Antarctica 100%,0,0
Antarctica_125_-70_130_-65,Antarctica,Antarctica,Antarctica,1.0,0.648,ocean-label-kept,Antarctica 100%,0,0
Antarctica_130_-70_135_-65,Antarctica,Antarctica,Antarctica,1.0,0.755,ocean-label-kept,Antarctica 100%,0,0
Antarctica_135_-70_140_-65,Antarctica,Antarctica,Antarctica,1.0,0.715,ocean-label-kept,Antarctica 100%,0,0
Antarctica_140_-70_145_-65,Antarctica,Antarctica,Antarctica,1.0,0.601,ocean-label-kept,Antarctica 100%,0,0
Antarctica_145_-70_150_-65,Antarctica,Antarctica,Antarctica,1.0,0.37,ocean-label-kept,Antarctica 100%,0,0
Antarctica_150_-70_155_-65,Antarctica,Antarctica,Antarctica,1.0,0.275,ocean-label-kept,Antarctica 100%,0,0
Antarctica_155_-70_160_-65,Antarctica,Antarctica,Antarctica,1.0,0.154,ocean-label-kept,Antarctica 100%,0,0
Antarctica_160_-70_165_-65,Antarctica,Antarctica,Antarctica,1.0,0.006,ocean-label-kept,Antarctica 100%,0,0
Antarctica_165_-70_170_-65,Antarctica,,,0.0,0.0,ocean-no-land,,0,0
Antarctica_170_-70_175_-65,Antarctica,,,0.0,0.0,ocean-no-land,,0,0
Antarctica_175_-70_180_-65,Antarctica,,,0.0,0.0,ocean-no-land,,0,0
Antarctica_-180_-65_-175_-60,Antarctica,,,0.0,0.0,ocean-no-land,,0,0
Antarctica_-175_-65_-170_-60,Antarctica,,,0.0,0.0,ocean-no-land,,0,0
Antarctica_-170_-65_-165_-60,Antarctica,,,0.0,0.0,ocean-no-land,,0,0
Antarctica_-165_-65_-160_-60,Antarctica,,,0.0,0.0,ocean-no-land,,0,0
Antarctica_-160_-65_-155_-60,Antarctica,,,0.0,0.0,ocean-no-land,,0,0
Antarctica_-155_-65_-150_-60,Antarctica,,,0.0,0.0,ocean-no-land,,0,0
Antarctica_-150_-65_-145_-60,Antarctica,,,0.0,0.0,ocean-no-land,,0,0
Antarctica_-145_-65_-140_-60,Antarctica,,,0.0,0.0,ocean-no-land,,0,0
Antarctica_-140_-65_-135_-60,Antarctica,,,0.0,0.0,ocean-no-land,,0,0
Antarctica_-135_-65_-130_-60,Antarctica,,,0.0,0.0,ocean-no-land,,0,0
Antarctica_-130_-65_-125_-60,Antarctica,,,0.0,0.0,ocean-no-land,,0,0
Antarctica_-125_-65_-120_-60,Antarctica,,,0.0,0.0,ocean-no-land,,0,0
Antarctica_-120_-65_-115_-60,Antarctica,,,0.0,0.0,ocean-no-land,,0,0
Antarctica_-115_-65_-110_-60,Antarctica,,,0.0,0.0,ocean-no-land,,0,0
Antarctica_-110_-65_-105_-60,Antarctica,,,0.0,0.0,ocean-no-land,,0,0
Antarctica_-105_-65_-100_-60,Antarctica,,,0.0,0.0,ocean-no-land,,0,0
Antarctica_-100_-65_-95_-60,Antarctica,,,0.0,0.0,ocean-no-land,,0,0
Antarctica_-95_-65_-90_-60,Antarctica,,,0.0,0.0,ocean-no-land,,0,0
Antarctica_-90_-65_-85_-60,Antarctica,,,0.0,0.0,ocean-no-land,,0,0
Antarctica_-85_-65_-80_-60,Antarctica,,,0.0,0.0,ocean-no-land,,0,0
Antarctica_-80_-65_-75_-60,Antarctica,,,0.0,0.0,ocean-no-land,,0,0
Antarctica_-75_-65_-70_-60,Antarctica,,,0.0,0.0,ocean-no-land,,0,0
Antarctica_-70_-65_-65_-60,Antarctica,,,0.0,0.0,ocean-no-land,,0,0
Antarctica_-65_-65_-60_-60,Antarctica,Antarctica,Antarctica,1.0,0.088,ocean-label-kept,Antarctica 100%,0,0
Antarctica_-60_-65_-55_-60,Antarctica,Antarctica,Antarctica,1.0,0.104,ocean-label-kept,Antarctica 100%,127,0
Antarctica_-55_-65_-50_-60,Antarctica,Antarctica,Antarctica,1.0,0.001,ocean-label-kept,Antarctica 100%,0,0
Antarctica_-50_-65_-45_-60,Antarctica,,,0.0,0.0,ocean-no-land,,0,0
Antarctica_-45_-65_-40_-60,Antarctica,,,0.0,0.0,ocean-no-land,,0,0
Antarctica_-40_-65_-35_-60,Antarctica,,,0.0,0.0,ocean-no-land,,0,0
Antarctica_-35_-65_-30_-60,Antarctica,,,0.0,0.0,ocean-no-land,,0,0
Antarctica_-30_-65_-25_-60,Antarctica,,,0.0,0.0,ocean-no-land,,0,0
Antarctica_-25_-65_-20_-60,Antarctica,,,0.0,0.0,ocean-no-land,,0,0
Antarctica_-20_-65_-15_-60,Antarctica,,,0.0,0.0,ocean-no-land,,0,0
Antarctica_-15_-65_-10_-60,Antarctica,,,0.0,0.0,ocean-no-land,,0,0
Antarctica_-10_-65_-5_-60,Antarctica,,,0.0,0.0,ocean-no-land,,0,0
Antarctica_-5_-65_0_-60,Antarctica,,,0.0,0.0,ocean-no-land,,0,0
Antarctica_0_-65_5_-60,Antarctica,,,0.0,0.0,ocean-no-land,,0,0
Antarctica_5_-65_10_-60,Antarctica,,,0.0,0.0,ocean-no-land,,0,0
Antarctica_10_-65_15_-60,Antarctica,,,0.0,0.0,ocean-no-land,,0,0
Antarctica_15_-65_20_-60,Antarctica,,,0.0,0.0,ocean-no-land,,0,0
Antarctica_20_-65_25_-60,Antarctica,,,0.0,0.0,ocean-no-land,,0,0
Antarctica_25_-65_30_-60,Antarctica,,,0.0,0.0,ocean-no-land,,0,0
Antarctica_30_-65_35_-60,Antarctica,,,0.0,0.0,ocean-no-land,,0,0
Antarctica_35_-65_40_-60,Antarctica,,,0.0,0.0,ocean-no-land,,0,0
Antarctica_40_-65_45_-60,Antarctica,,,0.0,0.0,ocean-no-land,,0,0
Antarctica_45_-65_50_-60,Antarctica,,,0.0,0.0,ocean-no-land,,0,0
Antarctica_50_-65_55_-60,Antarctica,,,0.0,0.0,ocean-no-land,,0,0
Antarctica_55_-65_60_-60,Antarctica,,,0.0,0.0,ocean-no-land,,0,0
Antarctica_60_-65_65_-60,Antarctica,,,0.0,0.0,ocean-no-land,,0,0
Antarctica_65_-65_70_-60,Antarctica,,,0.0,0.0,ocean-no-land,,0,0
Antarctica_70_-65_75_-60,Antarctica,,,0.0,0.0,ocean-no-land,,0,0
Antarctica_75_-65_80_-60,Antarctica,,,0.0,0.0,ocean-no-land,,0,0
Antarctica_80_-65_85_-60,Antarctica,,,0.0,0.0,ocean-no-land,,0,0
Antarctica_85_-65_90_-60,Antarctica,,,0.0,0.0,ocean-no-land,,0,0
Antarctica_90_-65_95_-60,Antarctica,,,0.0,0.0,ocean-no-land,,0,0
Antarctica_95_-65_100_-60,Antarctica,,,0.0,0.0,ocean-no-land,,0,0
Antarctica_100_-65_105_-60,Antarctica,,,0.0,0.0,ocean-no-land,,0,0
Antarctica_105_-65_110_-60,Antarctica,,,0.0,0.0,ocean-no-land,,0,0
Antarctica_110_-65_115_-60,Antarctica,,,0.0,0.0,ocean-no-land,,0,0
Antarctica_115_-65_120_-60,Antarctica,,,0.0,0.0,ocean-no-land,,0,0
Antarctica_120_-65_125_-60,Antarctica,,,0.0,0.0,ocean-no-land,,0,0
Antarctica_125_-65_130_-60,Antarctica,,,0.0,0.0,ocean-no-land,,0,0
Antarctica_130_-65_135_-60,Antarctica,,,0.0,0.0,ocean-no-land,,0,0
Antarctica_135_-65_140_-60,Antarctica,,,0.0,0.0,ocean-no-land,,0,0
Antarctica_140_-65_145_-60,Antarctica,,,0.0,0.0,ocean-no-land,,0,0
Antarctica_145_-65_150_-60,Antarctica,,,0.0,0.0,ocean-no-land,,0,0
Antarctica_150_-65_155_-60,Antarctica,,,0.0,0.0,ocean-no-land,,0,0
Antarctica_155_-65_160_-60,Antarctica,,,0.0,0.0,ocean-no-land,,0,0
Antarctica_160_-65_165_-60,Antarctica,,,0.0,0.0,ocean-no-land,,0,0
Antarctica_165_-65_170_-60,Antarctica,,,0.0,0.0,ocean-no-land,,0,0
Antarctica_170_-65_175_-60,Antarctica,,,0.0,0.0,ocean-no-land,,0,0
Antarctica_175_-65_180_-60,Antarctica,,,0.0,0.0,ocean-no-land,,0,0
Pacific_Ocean_-180_-60_-175_-55,Pacific Ocean,,,0.0,0.0,ocean-no-land,,0,0
Pacific_Ocean_-175_-60_-170_-55,Pacific Ocean,,,0.0,0.0,ocean-no-land,,0,0
Pacific_Ocean_-170_-60_-165_-55,Pacific Ocean,,,0.0,0.0,ocean-no-land,,0,0
Pacific_Ocean_-165_-60_-160_-55,Pacific Ocean,,,0.0,0.0,ocean-no-land,,0,0
Pacific_Ocean_-160_-60_-155_-55,Pacific Ocean,,,0.0,0.0,ocean-no-land,,0,0
Pacific_Ocean_-155_-60_-150_-55,Pacific Ocean,,,0.0,0.0,ocean-no-land,,0,0
Pacific_Ocean_-150_-60_-145_-55,Pacific Ocean,,,0.0,0.0,ocean-no-land,,0,0
Pacific_Ocean_-145_-60_-140_-55,Pacific Ocean,,,0.0,0.0,ocean-no-land,,0,0
Pacific_Ocean_-140_-60_-135_-55,Pacific Ocean,,,0.0,0.0,ocean-no-land,,0,0
Pacific_Ocean_-135_-60_-130_-55,Pacific Ocean,,,0.0,0.0,ocean-no-land,,0,0
Pacific_Ocean_-130_-60_-125_-55,Pacific Ocean,,,0.0,0.0,ocean-no-land,,0,0
Pacific_Ocean_-125_-60_-120_-55,Pacific Ocean,,,0.0,0.0,ocean-no-land,,0,0
Pacific_Ocean_-120_-60_-115_-55,Pacific Ocean,,,0.0,0.0,ocean-no-land,,0,0
Pacific_Ocean_-115_-60_-110_-55,Pacific Ocean,,,0.0,0.0,ocean-no-land,,0,0
Pacific_Ocean_-110_-60_-105_-55,Pacific Ocean,,,0.0,0.0,ocean-no-land,,0,0
Pacific_Ocean_-105_-60_-100_-55,Pacific Ocean,,,0.0,0.0,ocean-no-land,,0,0
Pacific_Ocean_-100_-60_-95_-55,Pacific Ocean,,,0.0,0.0,ocean-no-land,,0,0
Pacific_Ocean_-95_-60_-90_-55,Pacific Ocean,,,0.0,0.0,ocean-no-land,,0,0
Atlantic_Ocean_-90_-60_-85_-55,Atlantic Ocean,,,0.0,0.0,ocean-no-land,,0,0
South_America_-85_-60_-80_-55,South America,,,0.0,0.0,ocean-no-land,,0,0
South_America_-80_-60_-75_-55,South America,,,0.0,0.0,ocean-no-land,,0,0
South_America_-75_-60_-70_-55,South America,South America,South America,1.0,0.003,ok,South America 100%,0,0
South_America_-70_-60_-65_-55,South America,South America,South America,1.0,0.035,ok,South America 100%,4,0
South_America_-65_-60_-60_-55,South America,,,0.0,0.0,ocean-no-land,,0,0
South_America_-60_-60_-55_-55,South America,,,0.0,0.0,ocean-no-land,,0,0
South_America_-55_-60_-50_-55,South America,,,0.0,0.0,ocean-no-land,,0,0
South_America_-50_-60_-45_-55,South America,,,0.0,0.0,ocean-no-land,,0,0
South_America_-45_-60_-40_-55,South America,,,0.0,0.0,ocean-no-land,,0,0
South_America_-40_-60_-35_-55,South America,,,0.0,0.0,ocean-no-land,,0,0
South_America_-35_-60_-30_-55,South America,,,0.0,0.0,ocean-no-land,,0,0
Atlantic_Ocean_-30_-60_-25_-55,Atlantic Ocean,,,0.0,0.0,ocean-no-land,,0,0
Atlantic_Ocean_-25_-60_-20_-55,Atlantic Ocean,,,0.0,0.0,ocean-no-land,,0,0
Atlantic_Ocean_-20_-60_-15_-55,Atlantic Ocean,,,0.0,0.0,ocean-no-land,,0,0
Atlantic_Ocean_-15_-60_-10_-55,Atlantic Ocean,,,0.0,0.0,ocean-no-land,,0,0
Atlantic_Ocean_-10_-60_-5_-55,Atlantic Ocean,,,0.0,0.0,ocean-no-land,,0,0
Atlantic_Ocean_-5_-60_0_-55,Atlantic Ocean,,,0.0,0.0,ocean-no-land,,0,0
Atlantic_Ocean_0_-60_5_-55,Atlantic Ocean,,,0.0,0.0,ocean-no-land,,0,0
Atlantic_Ocean_5_-60_10_-55,Atlantic Ocean,,,0.0,0.0,ocean-no-land,,0,0
Atlantic_Ocean_10_-60_15_-55,Atlantic Ocean,,,0.0,0.0,ocean-no-land,,0,0
Atlantic_Ocean_15_-60_20_-55,Atlantic Ocean,,,0.0,0.0,ocean-no-land,,0,0
Atlantic_Ocean_20_-60_25_-55,Atlantic Ocean,,,0.0,0.0,ocean-no-land,,0,0
Indian_Ocean_25_-60_30_-55,Indian Ocean,,,0.0,0.0,ocean-no-land,,0,0
Indian_Ocean_30_-60_35_-55,Indian Ocean,,,0.0,0.0,ocean-no-land,,0,0
Indian_Ocean_35_-60_40_-55,Indian Ocean,,,0.0,0.0,ocean-no-land,,0,0
Indian_Ocean_40_-60_45_-55,Indian Ocean,,,0.0,0.0,ocean-no-land,,0,0
Indian_Ocean_45_-60_50_-55,Indian Ocean,,,0.0,0.0,ocean-no-land,,0,0
Indian_Ocean_50_-60_55_-55,Indian Ocean,,,0.0,0.0,ocean-no-land,,0,0
Indian_Ocean_55_-60_60_-55,Indian Ocean,,,0.0,0.0,ocean-no-land,,0,0
Indian_Ocean_60_-60_65_-55,Indian Ocean,,,0.0,0.0,ocean-no-land,,0,0
Indian_Ocean_65_-60_70_-55,Indian Ocean,,,0.0,0.0,ocean-no-land,,0,0
Indian_Ocean_70_-60_75_-55,Indian Ocean,,,0.0,0.0,ocean-no-land,,0,0
Indian_Ocean_75_-60_80_-55,Indian Ocean,,,0.0,0.0,ocean-no-land,,0,0
Pacific_Ocean_80_-60_85_-55,Pacific Ocean,,,0.0,0.0,ocean-no-land,,0,0
Pacific_Ocean_85_-60_90_-55,Pacific Ocean,,,0.0,0.0,ocean-no-land,,0,0
Pacific_Ocean_90_-60_95_-55,Pacific Ocean,,,0.0,0.0,ocean-no-land,,0,0
Pacific_Ocean_95_-60_100_-55,Pacific Ocean,,,0.0,0.0,ocean-no-land,,0,0
Pacific_Ocean_100_-60_105_-55,Pacific Ocean,,,0.0,0.0,ocean-no-land,,0,0
Pacific_Ocean_105_-60_110_-55,Pacific Ocean,,,0.0,0.0,ocean-no-land,,0,0
Pacific_Ocean_110_-60_115_-55,Pacific Ocean,,,0.0,0.0,ocean-no-land,,0,0
Pacific_Ocean_115_-60_120_-55,Pacific Ocean,,,0.0,0.0,ocean-no-land,,0,0
Pacific_Ocean_120_-60_125_-55,Pacific Ocean,,,0.0,0.0,ocean-no-land,,0,0
Pacific_Ocean_125_-60_130_-55,Pacific Ocean,,,0.0,0.0,ocean-no-land,,0,0
Pacific_Ocean_130_-60_135_-55,Pacific Ocean,,,0.0,0.0,ocean-no-land,,0,0
Pacific_Ocean_135_-60_140_-55,Pacific Ocean,,,0.0,0.0,ocean-no-land,,0,0
Pacific_Ocean_140_-60_145_-55,Pacific Ocean,,,0.0,0.0,ocean-no-land,,0,0
Pacific_Ocean_145_-60_150_-55,Pacific Ocean,,,0.0,0.0,ocean-no-land,,0,0
Pacific_Ocean_150_-60_155_-55,Pacific Ocean,,,0.0,0.0,ocean-no-land,,0,0
Pacific_Ocean_155_-60_160_-55,Pacific Ocean,,,0.0,0.0,ocean-no-land,,0,0
Pacific_Ocean_160_-60_165_-55,Pacific Ocean,,,0.0,0.0,ocean-no-land,,0,0
Pacific_Ocean_165_-60_170_-55,Pacific Ocean,,,0.0,0.0,ocean-no-land,,0,0
Pacific_Ocean_170_-60_175_-55,Pacific Ocean,,,0.0,0.0,ocean-no-land,,0,0
Pacific_Ocean_175_-60_180_-55,Pacific Ocean,,,0.0,0.0,ocean-no-land,,0,0
Pacific_Ocean_-180_-55_-175_-50,Pacific Ocean,,,0.0,0.0,ocean-no-land,,0,0
Pacific_Ocean_-175_-55_-170_-50,Pacific Ocean,,,0.0,0.0,ocean-no-land,,0,0
Pacific_Ocean_-170_-55_-165_-50,Pacific Ocean,,,0.0,0.0,ocean-no-land,,0,0
Pacific_Ocean_-165_-55_-160_-50,Pacific Ocean,,,0.0,0.0,ocean-no-land,,0,0
Pacific_Ocean_-160_-55_-155_-50,Pacific Ocean,,,0.0,0.0,ocean-no-land,,0,0
Pacific_Ocean_-155_-55_-150_-50,Pacific Ocean,,,0.0,0.0,ocean-no-land,,0,0
Pacific_Ocean_-150_-55_-145_-50,Pacific Ocean,,,0.0,0.0,ocean-no-land,,0,0
Pacific_Ocean_-145_-55_-140_-50,Pacific Ocean,,,0.0,0.0,ocean-no-land,,0,0
Pacific_Ocean_-140_-55_-135_-50,Pacific Ocean,,,0.0,0.0,ocean-no-land,,0,0
Pacific_Ocean_-135_-55_-130_-50,Pacific Ocean,,,0.0,0.0,ocean-no-land,,0,0
Pacific_Ocean_-130_-55_-125_-50,Pacific Ocean,,,0.0,0.0,ocean-no-land,,0,0
Pacific_Ocean_-125_-55_-120_-50,Pacific Ocean,,,0.0,0.0,ocean-no-land,,0,0
Pacific_Ocean_-120_-55_-115_-50,Pacific Ocean,,,0.0,0.0,ocean-no-land,,0,0
Pacific_Ocean_-115_-55_-110_-50,Pacific Ocean,,,0.0,0.0,ocean-no-land,,0,0
Pacific_Ocean_-110_-55_-105_-50,Pacific Ocean,,,0.0,0.0,ocean-no-land,,0,0
Pacific_Ocean_-105_-55_-100_-50,Pacific Ocean,,,0.0,0.0,ocean-no-land,,0,0
Pacific_Ocean_-100_-55_-95_-50,Pacific Ocean,,,0.0,0.0,ocean-no-land,,0,0
Pacific_Ocean_-95_-55_-90_-50,Pacific Ocean,,,0.0,0.0,ocean-no-land,,0,0
Atlantic_Ocean_-90_-55_-85_-50,Atlantic Ocean,,,0.0,0.0,ocean-no-land,,0,0
South_America_-85_-55_-80_-50,South America,,,0.0,0.0,ocean-no-land,,0,0
South_America_-80_-55_-75_-50,South America,South America,South America,1.0,0.01,ok,South America 100%,0,0
South_America_-75_-55_-70_-50,South America,South America,South America,1.0,0.604,ok,South America 100%,170170,2438
South_America_-70_-55_-65_-50,South America,South America,South America,1.0,0.33,ok,South America 100%,127419,2386
South_America_-65_-55_-60_-50,South America,South America,South America,1.0,0.019,ok,South America 100%,0,0
South_America_-60_-55_-55_-50,South America,South America,South America,1.0,0.044,ok,South America 100%,34163,0
South_America_-55_-55_-50_-50,South America,,,0.0,0.0,ocean-no-land,,0,0
South_America_-50_-55_-45_-50,South America,,,0.0,0.0,ocean-no-land,,0,0
South_America_-45_-55_-40_-50,South America,,,0.0,0.0,ocean-no-land,,0,0
South_America_-40_-55_-35_-50,South America,,,0.0,0.0,ocean-no-land,,3290,0
South_America_-35_-55_-30_-50,South America,,,0.0,0.0,ocean-no-land,,0,0
Atlantic_Ocean_-30_-55_-25_-50,Atlantic Ocean,,,0.0,0.0,ocean-no-land,,0,0
Atlantic_Ocean_-25_-55_-20_-50,Atlantic Ocean,,,0.0,0.0,ocean-no-land,,0,0
Atlantic_Ocean_-20_-55_-15_-50,Atlantic Ocean,,,0.0,0.0,ocean-no-land,,0,0
Atlantic_Ocean_-15_-55_-10_-50,Atlantic Ocean,,,0.0,0.0,ocean-no-land,,0,0
Atlantic_Ocean_-10_-55_-5_-50,Atlantic Ocean,,,0.0,0.0,ocean-no-land,,0,0
Atlantic_Ocean_-5_-55_0_-50,Atlantic Ocean,,,0.0,0.0,ocean-no-land,,0,0
Atlantic_Ocean_0_-55_5_-50,Atlantic Ocean,,,0.0,0.0,ocean-no-land,,64,0
Atlantic_Ocean_5_-55_10_-50,Atlantic Ocean,,,0.0,0.0,ocean-no-land,,0,0
Atlantic_Ocean_10_-55_15_-50,Atlantic Ocean,,,0.0,0.0,ocean-no-land,,0,0
Atlantic_Ocean_15_-55_20_-50,Atlantic Ocean,,,0.0,0.0,ocean-no-land,,0,0
Atlantic_Ocean_20_-55_25_-50,Atlantic Ocean,,,0.0,0.0,ocean-no-land,,0,0
Indian_Ocean_25_-55_30_-50,Indian Ocean,,,0.0,0.0,ocean-no-land,,0,0
Indian_Ocean_30_-55_35_-50,Indian Ocean,,,0.0,0.0,ocean-no-land,,0,0
Indian_Ocean_35_-55_40_-50,Indian Ocean,,,0.0,0.0,ocean-no-land,,0,0
Indian_Ocean_40_-55_45_-50,Indian Ocean,,,0.0,0.0,ocean-no-land,,0,0
Indian_Ocean_45_-55_50_-50,Indian Ocean,,,0.0,0.0,ocean-no-land,,0,0
Indian_Ocean_50_-55_55_-50,Indian Ocean,,,0.0,0.0,ocean-no-land,,0,0
Indian_Ocean_55_-55_60_-50,Indian Ocean,,,0.0,0.0,ocean-no-land,,0,0
Indian_Ocean_60_-55_65_-50,Indian Ocean,,,0.0,0.0,ocean-no-land,,0,0
Indian_Ocean_65_-55_70_-50,Indian Ocean,,,0.0,0.0,ocean-no-land,,0,0
Indian_Ocean_70_-55_75_-50,Indian Ocean,,,0.0,0.0,ocean-no-land,,0,0
Indian_Ocean_75_-55_80_-50,Indian Ocean,,,0.0,0.0,ocean-no-land,,0,0
Pacific_Ocean_80_-55_85_-50,Pacific Ocean,,,0.0,0.0,ocean-no-land,,0,0
Pacific_Ocean_85_-55_90_-50,Pacific Ocean,,,0.0,0.0,ocean-no-land,,0,0
Pacific_Ocean_90_-55_95_-50,Pacific Ocean,,,0.0,0.0,ocean-no-land,,0,0
Pacific_Ocean_95_-55_100_-50,Pacific Ocean,,,0.0,0.0,ocean-no-land,,0,0
Pacific_Ocean_100_-55_105_-50,Pacific Ocean,,,0.0,0.0,ocean-no-land,,0,0
Pacific_Ocean_105_-55_110_-50,Pacific Ocean,,,0.0,0.0,ocean-no-land,,0,0
Pacific_Ocean_110_-55_115_-50,Pacific Ocean,,,0.0,0.0,ocean-no-land,,0,0
Pacific_Ocean_115_-55_120_-50,Pacific Ocean,,,0.0,0.0,ocean-no-land,,0,0
Pacific_Ocean_120_-55_125_-50,Pacific Ocean,,,0.0,0.0,ocean-no-land,,0,0
Pacific_Ocean_125_-55_130_-50,Pacific Ocean,,,0.0,0.0,ocean-no-land,,0,0
Pacific_Ocean_130_-55_135_-50,Pacific Ocean,,,0.0,0.0,ocean-no-land,,0,0
Pacific_Ocean_135_-55_140_-50,Pacific Ocean,,,0.0,0.0,ocean-no-land,,0,0
Pacific_Ocean_140_-55_145_-50,Pacific Ocean,,,0.0,0.0,ocean-no-land,,0,0
Pacific_Ocean_145_-55_150_-50,Pacific Ocean,,,0.0,0.0,ocean-no-land,,0,0
Pacific_Ocean_150_-55_155_-50,Pacific Ocean,,,0.0,0.0,ocean-no-land,,0,0
Pacific_Ocean_155_-55_160_-50,Pacific Ocean,Australia,Oceania,1.0,0.001,ocean-label-kept,Australia 100%,10,0
Pacific_Ocean_160_-55_165_-50,Pacific Ocean,,,0.0,0.0,ocean-no-land,,0,0
Pacific_Ocean_165_-55_170_-50,Pacific Ocean,New Zealand & Pacific,Oceania,1.0,0.003,ocean-label-kept,New Zealand & Pacific 100%,0,0
Pacific_Ocean_170_-55_175_-50,Pacific Ocean,,,0.0,0.0,ocean-no-land,,0,0
Pacific_Ocean_175_-55_180_-50,Pacific Ocean,,,0.0,0.0,ocean-no-land,,0,0
Pacific_Ocean_-180_-50_-175_-45,Pacific Ocean,,,0.0,0.0,ocean-no-land,,0,0
Pacific_Ocean_-175_-50_-170_-45,Pacific Ocean,,,0.0,0.0,ocean-no-land,,0,0
Pacific_Ocean_-170_-50_-165_-45,Pacific Ocean,,,0.0,0.0,ocean-no-land,,0,0
Pacific_Ocean_-165_-50_-160_-45,Pacific Ocean,,,0.0,0.0,ocean-no-land,,0,0
Pacific_Ocean_-160_-50_-155_-45,Pacific Ocean,,,0.0,0.0,ocean-no-land,,0,0
Pacific_Ocean_-155_-50_-150_-45,Pacific Ocean,,,0.0,0.0,ocean-no-land,,0,0
Pacific_Ocean_-150_-50_-145_-45,Pacific Ocean,,,0.0,0.0,ocean-no-land,,0,0
Pacific_Ocean_-145_-50_-140_-45,Pacific Ocean,,,0.0,0.0,ocean-no-land,,0,0
Pacific_Ocean_-140_-50_-135_-45,Pacific Ocean,,,0.0,0.0,ocean-no-land,,0,0
Pacific_Ocean_-135_-50_-130_-45,Pacific Ocean,,,0.0,0.0,ocean-no-land,,0,0
Pacific_Ocean_-130_-50_-125_-45,Pacific Ocean,,,0.0,0.0,ocean-no-land,,0,0
Pacific_Ocean_-125_-50_-120_-45,Pacific Ocean,,,0.0,0.0,ocean-no-land,,0,0
Pacific_Ocean_-120_-50_-115_-45,Pacific Ocean,,,0.0,0.0,ocean-no-land,,0,0
Pacific_Ocean_-115_-50_-110_-45,Pacific Ocean,,,0.0,0.0,ocean-no-land,,0,0
Pacific_Ocean_-110_-50_-105_-45,Pacific Ocean,,,0.0,0.0,ocean-no-land,,0,0
Pacific_Ocean_-105_-50_-100_-45,Pacific Ocean,,,0.0,0.0,ocean-no-land,,0,0
Pacific_Ocean_-100_-50_-95_-45,Pacific Ocean,,,0.0,0.0,ocean-no-land,,0,0
Pacific_Ocean_-95_-50_-90_-45,Pacific Ocean,,,0.0,0.0,ocean-no-land,,0,0
Atlantic_Ocean_-90_-50_-85_-45,Atlantic Ocean,,,0.0,0.0,ocean-no-land,,0,0
South_America_-85_-50_-80_-45,South America,,,0.0,0.0,ocean-no-land,,0,0
South_America_-80_-50_-75_-45,South America,South America,South America,1.0,0.039,ok,South America 100%,0,0
South_America_-75_-50_-70_-45,South America,South America,South America,1.0,0.899,ok,South America 100%,318758,12877
South_America_-70_-50_-65_-45,South America,South America,South America,1.0,0.608,ok,South America 100%,4437,276
South_America_-65_-50_-60_-45,South America,,,0.0,0.0,ocean-no-land,,0,0
South_America_-60_-50_-55_-45,South America,,,0.0,0.0,ocean-no-land,,0,0
South_America_-55_-50_-50_-45,South America,,,0.0,0.0,ocean-no-land,,0,0
South_America_-50_-50_-45_-45,South America,,,0.0,0.0,ocean-no-land,,0,0
South_America_-45_-50_-40_-45,South America,,,0.0,0.0,ocean-no-land,,0,0
South_America_-40_-50_-35_-45,South America,,,0.0,0.0,ocean-no-land,,0,0
South_America_-35_-50_-30_-45,South America,,,0.0,0.0,ocean-no-land,,0,0
Atlantic_Ocean_-30_-50_-25_-45,Atlantic Ocean,,,0.0,0.0,ocean-no-land,,0,0
Atlantic_Ocean_-25_-50_-20_-45,Atlantic Ocean,,,0.0,0.0,ocean-no-land,,0,0
Atlantic_Ocean_-20_-50_-15_-45,Atlantic Ocean,,,0.0,0.0,ocean-no-land,,0,0
Atlantic_Ocean_-15_-50_-10_-45,Atlantic Ocean,,,0.0,0.0,ocean-no-land,,0,0
Atlantic_Ocean_-10_-50_-5_-45,Atlantic Ocean,,,0.0,0.0,ocean-no-land,,0,0
Atlantic_Ocean_-5_-50_0_-45,Atlantic Ocean,,,0.0,0.0,ocean-no-land,,0,0
Atlantic_Ocean_0_-50_5_-45,Atlantic Ocean,,,0.0,0.0,ocean-no-land,,0,0
Atlantic_Ocean_5_-50_10_-45,Atlantic Ocean,,,0.0,0.0,ocean-no-land,,0,0
Atlantic_Ocean_10_-50_15_-45,Atlantic Ocean,,,0.0,0.0,ocean-no-land,,0,0
Atlantic_Ocean_15_-50_20_-45,Atlantic Ocean,,,0.0,0.0,ocean-no-land,,0,0
Atlantic_Ocean_20_-50_25_-45,Atlantic Ocean,,,0.0,0.0,ocean-no-land,,0,0
Indian_Ocean_25_-50_30_-45,Indian Ocean,,,0.0,0.0,ocean-no-land,,0,0
Indian_Ocean_30_-50_35_-45,Indian Ocean,,,0.0,0.0,ocean-no-land,,0,0
Indian_Ocean_35_-50_40_-45,Indian Ocean,,,0.0,0.0,ocean-no-land,,0,0
Indian_Ocean_40_-50_45_-45,Indian Ocean,,,0.0,0.0,ocean-no-land,,0,0
Indian_Ocean_45_-50_50_-45,Indian Ocean,,,0.0,0.0,ocean-no-land,,0,0
Indian_Ocean_50_-50_55_-45,Indian Ocean,,,0.0,0.0,ocean-no-land,,0,0
Indian_Ocean_55_-50_60_-45,Indian Ocean,,,0.0,0.0,ocean-no-land,,0,0
Indian_Ocean_60_-50_65_-45,Indian Ocean,,,0.0,0.0,ocean-no-land,,0,0
Indian_Ocean_65_-50_70_-45,Indian Ocean,,,0.0,0.0,ocean-no-land,,0,0
Indian_Ocean_70_-50_75_-45,Indian Ocean,,,0.0,0.0,ocean-no-land,,0,0
Indian_Ocean_75_-50_80_-45,Indian Ocean,,,0.0,0.0,ocean-no-land,,0,0
Pacific_Ocean_80_-50_85_-45,Pacific Ocean,,,0.0,0.0,ocean-no-land,,0,0
Pacific_Ocean_85_-50_90_-45,Pacific Ocean,,,0.0,0.0,ocean-no-land,,0,0
Pacific_Ocean_90_-50_95_-45,Pacific Ocean,,,0.0,0.0,ocean-no-land,,0,0
Pacific_Ocean_95_-50_100_-45,Pacific Ocean,,,0.0,0.0,ocean-no-land,,0,0
Pacific_Ocean_100_-50_105_-45,Pacific Ocean,,,0.0,0.0,ocean-no-land,,0,0
Pacific_Ocean_105_-50_110_-45,Pacific Ocean,,,0.0,0.0,ocean-no-land,,0,0
Pacific_Ocean_110_-50_115_-45,Pacific Ocean,,,0.0,0.0,ocean-no-land,,0,0
Pacific_Ocean_115_-50_120_-45,Pacific Ocean,,,0.0,0.0,ocean-no-land,,0,0
Pacific_Ocean_120_-50_125_-45,Pacific Ocean,,,0.0,0.0,ocean-no-land,,0,0
Pacific_Ocean_125_-50_130_-45,Pacific Ocean,,,0.0,0.0,ocean-no-land,,0,0
Pacific_Ocean_130_-50_135_-45,Pacific Ocean,,,0.0,0.0,ocean-no-land,,0,0
Pacific_Ocean_135_-50_140_-45,Pacific Ocean,,,0.0,0.0,ocean-no-land,,0,0
Pacific_Ocean_140_-50_145_-45,Pacific Ocean,,,0.0,0.0,ocean-no-land,,0,0
Pacific_Ocean_145_-50_150_-45,Pacific Ocean,,,0.0,0.0,ocean-no-land,,0,0
Pacific_Ocean_150_-50_155_-45,Pacific Ocean,,,0.0,0.0,ocean-no-land,,0,0
Pacific_Ocean_155_-50_160_-45,Pacific Ocean,,,0.0,0.0,ocean-no-land,,0,0
New_Zealand_and_Pacific_160_-50_165_-45,New Zealand & Pacific,,,0.0,0.0,ocean-no-land,,0,0
New_Zealand_and_Pacific_165_-50_170_-45,New Zealand & Pacific,New Zealand & Pacific,Oceania,1.0,0.189,ok,New Zealand & Pacific 100%,696817,21722
New_Zealand_and_Pacific_170_-50_175_-45,New Zealand & Pacific,New Zealand & Pacific,Oceania,1.0,0.035,ok,New Zealand & Pacific 100%,94302,4050
New_Zealand_and_Pacific_175_-50_180_-45,New Zealand & Pacific,,,0.0,0.0,ocean-no-land,,0,0
Pacific_Ocean_-180_-45_-175_-40,Pacific Ocean,New Zealand & Pacific,Oceania,1.0,0.004,ocean-label-kept,New Zealand & Pacific 100%,108719,5361
Pacific_Ocean_-175_-45_-170_-40,Pacific Ocean,,,0.0,0.0,ocean-no-land,,0,0
Pacific_Ocean_-170_-45_-165_-40,Pacific Ocean,,,0.0,0.0,ocean-no-land,,0,0
Pacific_Ocean_-165_-45_-160_-40,Pacific Ocean,,,0.0,0.0,ocean-no-land,,0,0
Pacific_Ocean_-160_-45_-155_-40,Pacific Ocean,,,0.0,0.0,ocean-no-land,,0,0
Pacific_Ocean_-155_-45_-150_-40,Pacific Ocean,,,0.0,0.0,ocean-no-land,,0,0
Pacific_Ocean_-150_-45_-145_-40,Pacific Ocean,,,0.0,0.0,ocean-no-land,,0,0
Pacific_Ocean_-145_-45_-140_-40,Pacific Ocean,,,0.0,0.0,ocean-no-land,,0,0
Pacific_Ocean_-140_-45_-135_-40,Pacific Ocean,,,0.0,0.0,ocean-no-land,,0,0
Pacific_Ocean_-135_-45_-130_-40,Pacific Ocean,,,0.0,0.0,ocean-no-land,,0,0
Pacific_Ocean_-130_-45_-125_-40,Pacific Ocean,,,0.0,0.0,ocean-no-land,,0,0
Pacific_Ocean_-125_-45_-120_-40,Pacific Ocean,,,0.0,0.0,ocean-no-land,,0,0
Pacific_Ocean_-120_-45_-115_-40,Pacific Ocean,,,0.0,0.0,ocean-no-land,,0,0
Pacific_Ocean_-115_-45_-110_-40,Pacific Ocean,,,0.0,0.0,ocean-no-land,,0,0
Pacific_Ocean_-110_-45_-105_-40,Pacific Ocean,,,0.0,0.0,ocean-no-land,,0,0
Pacific_Ocean_-105_-45_-100_-40,Pacific Ocean,,,0.0,0.0,ocean-no-land,,0,0
Pacific_Ocean_-100_-45_-95_-40,Pacific Ocean,,,0.0,0.0,ocean-no-land,,0,0
Pacific_Ocean_-95_-45_-90_-40,Pacific Ocean,,,0.0,0.0,ocean-no-land,,0,0
Atlantic_Ocean_-90_-45_-85_-40,Atlantic Ocean,,,0.0,0.0,ocean-no-land,,0,0
South_America_-85_-45_-80_-40,South America,,,0.0,0.0,ocean-no-land,,0,0
South_America_-80_-45_-75_-40,South America,South America,South America,1.0,0.0,ok,South America 100%,0,0
South_America_-75_-45_-70_-40,South America,South America,South America,1.0,0.705,ok,South America 100%,775344,28760
South_America_-70_-45_-65_-40,South America,South America,South America,1.0,0.972,ok,South America 100%,118,0
South_America_-65_-45_-60_-40,South America,South America,South America,1.0,0.138,ok,South America 100%,55,0
South_America_-60_-45_-55_-40,South America,,,0.0,0.0,ocean-no-land,,0,0
South_America_-55_-45_-50_-40,South America,,,0.0,0.0,ocean-no-land,,0,0
South_America_-50_-45_-45_-40,South America,,,0.0,0.0,ocean-no-land,,0,0
South_America_-45_-45_-40_-40,South America,,,0.0,0.0,ocean-no-land,,0,0
South_America_-40_-45_-35_-40,South America,,,0.0,0.0,ocean-no-land,,0,0
South_America_-35_-45_-30_-40,South America,,,0.0,0.0,ocean-no-land,,0,0
Atlantic_Ocean_-30_-45_-25_-40,Atlantic Ocean,,,0.0,0.0,ocean-no-land,,0,0
Atlantic_Ocean_-25_-45_-20_-40,Atlantic Ocean,,,0.0,0.0,ocean-no-land,,0,0
Atlantic_Ocean_-20_-45_-15_-40,Atlantic Ocean,,,0.0,0.0,ocean-no-land,,0,0
Atlantic_Ocean_-15_-45_-10_-40,Atlantic Ocean,,,0.0,0.0,ocean-no-land,,0,0
Atlantic_Ocean_-10_-45_-5_-40,Atlantic Ocean,,,0.0,0.0,ocean-no-land,,0,0
Atlantic_Ocean_-5_-45_0_-40,Atlantic Ocean,,,0.0,0.0,ocean-no-land,,0,0
Atlantic_Ocean_0_-45_5_-40,Atlantic Ocean,,,0.0,0.0,ocean-no-land,,0,0
Atlantic_Ocean_5_-45_10_-40,Atlantic Ocean,,,0.0,0.0,ocean-no-land,,0,0
Atlantic_Ocean_10_-45_15_-40,Atlantic Ocean,,,0.0,0.0,ocean-no-land,,0,0
Atlantic_Ocean_15_-45_20_-40,Atlantic Ocean,,,0.0,0.0,ocean-no-land,,0,0
Atlantic_Ocean_20_-45_25_-40,Atlantic Ocean,,,0.0,0.0,ocean-no-land,,0,0
Indian_Ocean_25_-45_30_-40,Indian Ocean,,,0.0,0.0,ocean-no-land,,0,0
Indian_Ocean_30_-45_35_-40,Indian Ocean,,,0.0,0.0,ocean-no-land,,0,0
Indian_Ocean_35_-45_40_-40,Indian Ocean,,,0.0,0.0,ocean-no-land,,0,0
Indian_Ocean_40_-45_45_-40,Indian Ocean,,,0.0,0.0,ocean-no-land,,0,0
Indian_Ocean_45_-45_50_-40,Indian Ocean,,,0.0,0.0,ocean-no-land,,0,0
Indian_Ocean_50_-45_55_-40,Indian Ocean,,,0.0,0.0,ocean-no-land,,0,0
Indian_Ocean_55_-45_60_-40,Indian Ocean,,,0.0,0.0,ocean-no-land,,0,0
Indian_Ocean_60_-45_65_-40,Indian Ocean,,,0.0,0.0,ocean-no-land,,0,0
Indian_Ocean_65_-45_70_-40,Indian Ocean,,,0.0,0.0,ocean-no-land,,0,0
Indian_Ocean_70_-45_75_-40,Indian Ocean,,,0.0,0.0,ocean-no-land,,0,0
Indian_Ocean_75_-45_80_-40,Indian Ocean,,,0.0,0.0,ocean-no-land,,0,0
Pacific_Ocean_80_-45_85_-40,Pacific Ocean,,,0.0,0.0,ocean-no-land,,0,0
Pacific_Ocean_85_-45_90_-40,Pacific Ocean,,,0.0,0.0,ocean-no-land,,0,0
Pacific_Ocean_90_-45_95_-40,Pacific Ocean,,,0.0,0.0,ocean-no-land,,0,0
Pacific_Ocean_95_-45_100_-40,Pacific Ocean,,,0.0,0.0,ocean-no-land,,0,0
Pacific_Ocean_100_-45_105_-40,Pacific Ocean,,,0.0,0.0,ocean-no-land,,0,0
Pacific_Ocean_105_-45_110_-40,Pacific Ocean,,,0.0,0.0,ocean-no-land,,0,0
Australia_110_-45_115_-40,Australia,,,0.0,0.0,ocean-no-land,,0,0
Australia_115_-45_120_-40,Australia,,,0.0,0.0,ocean-no-land,,0,0
Australia_120_-45_125_-40,Australia,,,0.0,0.0,ocean-no-land,,0,0
Australia_125_-45_130_-40,Australia,,,0.0,0.0,ocean-no-land,,0,0
Australia_130_-45_135_-40,Australia,,,0.0,0.0,ocean-no-land,,0,0
Australia_135_-45_140_-40,Australia,,,0.0,0.0,ocean-no-land,,0,0
Australia_140_-45_145_-40,Australia,Australia,Oceania,1.0,0.011,ok,Australia 100%,2965,140
Australia_145_-45_150_-40,Australia,Australia,Oceania,1.0,0.277,ok,Australia 100%,4116569,10638
Australia_150_-45_155_-40,Australia,,,0.0,0.0,ocean-no-land,,0,0
Pacific_Ocean_155_-45_160_-40,Pacific Ocean,,,0.0,0.0,ocean-no-land,,0,0
New_Zealand_and_Pacific_160_-45_165_-40,New Zealand & Pacific,,,0.0,0.0,ocean-no-land,,0,0
New_Zealand_and_Pacific_165_-45_170_-40,New Zealand & Pacific,New Zealand & Pacific,Oceania,1.0,0.101,ok,New Zealand & Pacific 100%,157205,4476
New_Zealand_and_Pacific_170_-45_175_-40,New Zealand & Pacific,New Zealand & Pacific,Oceania,1.0,0.36,ok,New Zealand & Pacific 100%,1447320,31911
New_Zealand_and_Pacific_175_-45_180_-40,New Zealand & Pacific,New Zealand & Pacific,Oceania,1.0,0.074,ok,New Zealand & Pacific 100%,636253,24554
Pacific_Ocean_-180_-40_-175_-35,Pacific Ocean,,,0.0,0.0,ocean-no-land,,0,0
Pacific_Ocean_-175_-40_-170_-35,Pacific Ocean,,,0.0,0.0,ocean-no-land,,0,0
Pacific_Ocean_-170_-40_-165_-35,Pacific Ocean,,,0.0,0.0,ocean-no-land,,0,0
Pacific_Ocean_-165_-40_-160_-35,Pacific Ocean,,,0.0,0.0,ocean-no-land,,0,0
Pacific_Ocean_-160_-40_-155_-35,Pacific Ocean,,,0.0,0.0,ocean-no-land,,0,0
Pacific_Ocean_-155_-40_-150_-35,Pacific Ocean,,,0.0,0.0,ocean-no-land,,0,0
Pacific_Ocean_-150_-40_-145_-35,Pacific Ocean,,,0.0,0.0,ocean-no-land,,0,0
Pacific_Ocean_-145_-40_-140_-35,Pacific Ocean,,,0.0,0.0,ocean-no-land,,0,0
Pacific_Ocean_-140_-40_-135_-35,Pacific Ocean,,,0.0,0.0,ocean-no-land,,0,0
Pacific_Ocean_-135_-40_-130_-35,Pacific Ocean,,,0.0,0.0,ocean-no-land,,0,0
Pacific_Ocean_-130_-40_-125_-35,Pacific Ocean,,,0.0,0.0,ocean-no-land,,0,0
Pacific_Ocean_-125_-40_-120_-35,Pacific Ocean,,,0.0,0.0,ocean-no-land,,0,0
Pacific_Ocean_-120_-40_-115_-35,Pacific Ocean,,,0.0,0.0,ocean-no-land,,0,0
Pacific_Ocean_-115_-40_-110_-35,Pacific Ocean,,,0.0,0.0,ocean-no-land,,0,0
Pacific_Ocean_-110_-40_-105_-35,Pacific Ocean,,,0.0,0.0,ocean-no-land,,0,0
Pacific_Ocean_-105_-40_-100_-35,Pacific Ocean,,,0.0,0.0,ocean-no-land,,0,0
Pacific_Ocean_-100_-40_-95_-35,Pacific Ocean,,,0.0,0.0,ocean-no-land,,0,0
Pacific_Ocean_-95_-40_-90_-35,Pacific Ocean,,,0.0,0.0,ocean-no-land,,0,0
Atlantic_Ocean_-90_-40_-85_-35,Atlantic Ocean,,,0.0,0.0,ocean-no-land,,0,0
South_America_-85_-40_-80_-35,South America,,,0.0,0.0,ocean-no-land,,0,0
South_America_-80_-40_-75_-35,South America,,,0.0,0.0,ocean-no-land,,0,0
South_America_-75_-40_-70_-35,South America,South America,South America,1.0,0.632,ok,South America 100%,2861139,54693
South_America_-70_-40_-65_-35,South America,South America,South America,1.0,1.0,ok,South America 100%,41518,231
South_America_-65_-40_-60_-35,South America,South America,South America,1.0,0.907,ok,South America 100%,136667,2490
South_America_-60_-40_-55_-35,South America,South America,South America,1.0,0.402,ok,South America 100%,303305,4282
South_America_-55_-40_-50_-35,South America,,,0.0,0.0,ocean-no-land,,0,0
South_America_-50_-40_-45_-35,South America,,,0.0,0.0,ocean-no-land,,0,0
South_America_-45_-40_-40_-35,South America,,,0.0,0.0,ocean-no-land,,0,0
South_America_-40_-40_-35_-35,South America,,,0.0,0.0,ocean-no-land,,0,0
South_America_-35_-40_-30_-35,South America,,,0.0,0.0,ocean-no-land,,0,0
Atlantic_Ocean_-30_-40_-25_-35,Atlantic Ocean,,,0.0,0.0,ocean-no-land,,0,0
Atlantic_Ocean_-25_-40_-20_-35,Atlantic Ocean,,,0.0,0.0,ocean-no-land,,0,0
Africa_-20_-40_-15_-35,Africa,,,0.0,0.0,ocean-no-land,,0,0
Africa_-15_-40_-10_-35,Africa,,,0.0,0.0,ocean-no-land,,0,0
Africa_-10_-40_-5_-35,Africa,,,0.0,0.0,ocean-no-land,,0,0
Africa_-5_-40_0_-35,Africa,,,0.0,0.0,ocean-no-land,,0,0
Africa_0_-40_5_-35,Africa,,,0.0,0.0,ocean-no-land,,0,0
Africa_5_-40_10_-35,Africa,,,0.0,0.0,ocean-no-land,,0,0
Africa_10_-40_15_-35,Africa,,,0.0,0.0,ocean-no-land,,0,0
Africa_15_-40_20_-35,Africa,,,0.0,0.0,ocean-no-land,,0,0
Africa_20_-40_25_-35,Africa,,,0.0,0.0,ocean-no-land,,0,0
Africa_25_-40_30_-35,Africa,,,0.0,0.0,ocean-no-land,,0,0
Africa_30_-40_35_-35,Africa,,,0.0,0.0,ocean-no-land,,0,0
Africa_35_-40_40_-35,Africa,,,0.0,0.0,ocean-no-land,,0,0
Africa_40_-40_45_-35,Africa,,,0.0,0.0,ocean-no-land,,0,0
Africa_45_-40_50_-35,Africa,,,0.0,0.0,ocean-no-land,,0,0
Africa_50_-40_55_-35,Africa,,,0.0,0.0,ocean-no-land,,0,0
Indian_Ocean_55_-40_60_-35,Indian Ocean,,,0.0,0.0,ocean-no-land,,0,0
Indian_Ocean_60_-40_65_-35,Indian Ocean,,,0.0,0.0,ocean-no-land,,0,0
Indian_Ocean_65_-40_70_-35,Indian Ocean,,,0.0,0.0,ocean-no-land,,0,0
Indian_Ocean_70_-40_75_-35,Indian Ocean,,,0.0,0.0,ocean-no-land,,0,0
Indian_Ocean_75_-40_80_-35,Indian Ocean,,,0.0,0.0,ocean-no-land,,0,0
Pacific_Ocean_80_-40_85_-35,Pacific Ocean,,,0.0,0.0,ocean-no-land,,0,0
Pacific_Ocean_85_-40_90_-35,Pacific Ocean,,,0.0,0.0,ocean-no-land,,0,0
Pacific_Ocean_90_-40_95_-35,Pacific Ocean,,,0.0,0.0,ocean-no-land,,0,0
Pacific_Ocean_95_-40_100_-35,Pacific Ocean,,,0.0,0.0,ocean-no-land,,0,0
Pacific_Ocean_100_-40_105_-35,Pacific Ocean,,,0.0,0.0,ocean-no-land,,0,0
Pacific_Ocean_105_-40_110_-35,Pacific Ocean,,,0.0,0.0,ocean-no-land,,0,0
Australia_110_-40_115_-35,Australia,,,0.0,0.0,ocean-no-land,,0,0
Australia_115_-40_120_-35,Australia,Australia,Oceania,1.0,0.003,ok,Australia 100%,12428,42
Australia_120_-40_125_-35,Australia,,,0.0,0.0,ocean-no-land,,0,0
Australia_125_-40_130_-35,Australia,,,0.0,0.0,ocean-no-land,,0,0
Australia_130_-40_135_-35,Australia,,,0.0,0.0,ocean-no-land,,0,0
Australia_135_-40_140_-35,Australia,Australia,Oceania,1.0,0.087,ok,Australia 100%,931785,10831
Australia_140_-40_145_-35,Australia,Australia,Oceania,1.0,0.665,ok,Australia 100%,11153064,185177
Australia_145_-40_150_-35,Australia,Australia,Oceania,1.0,0.642,ok,Australia 100%,13086759,86544
Australia_150_-40_155_-35,Australia,Australia,Oceania,1.0,0.019,ok,Australia 100%,232471,2505
Pacific_Ocean_155_-40_160_-35,Pacific Ocean,,,0.0,0.0,ocean-no-land,,0,0
New_Zealand_and_Pacific_160_-40_165_-35,New Zealand & Pacific,,,0.0,0.0,ocean-no-land,,0,0
New_Zealand_and_Pacific_165_-40_170_-35,New Zealand & Pacific,,,0.0,0.0,ocean-no-land,,0,0
New_Zealand_and_Pacific_170_-40_175_-35,New Zealand & Pacific,New Zealand & Pacific,Oceania,1.0,0.111,ok,New Zealand & Pacific 100%,3532102,101152
New_Zealand_and_Pacific_175_-40_180_-35,New Zealand & Pacific,New Zealand & Pacific,Oceania,1.0,0.279,ok,New Zealand & Pacific 100%,1406389,25904
Pacific_Ocean_-180_-35_-175_-30,Pacific Ocean,,,0.0,0.0,ocean-no-land,,0,0
Pacific_Ocean_-175_-35_-170_-30,Pacific Ocean,,,0.0,0.0,ocean-no-land,,0,0
Pacific_Ocean_-170_-35_-165_-30,Pacific Ocean,,,0.0,0.0,ocean-no-land,,0,0
Pacific_Ocean_-165_-35_-160_-30,Pacific Ocean,,,0.0,0.0,ocean-no-land,,0,0
Pacific_Ocean_-160_-35_-155_-30,Pacific Ocean,,,0.0,0.0,ocean-no-land,,0,0
Pacific_Ocean_-155_-35_-150_-30,Pacific Ocean,,,0.0,0.0,ocean-no-land,,0,0
Pacific_Ocean_-150_-35_-145_-30,Pacific Ocean,,,0.0,0.0,ocean-no-land,,0,0
Pacific_Ocean_-145_-35_-140_-30,Pacific Ocean,,,0.0,0.0,ocean-no-land,,0,0
Pacific_Ocean_-140_-35_-135_-30,Pacific Ocean,,,0.0,0.0,ocean-no-land,,0,0
Pacific_Ocean_-135_-35_-130_-30,Pacific Ocean,,,0.0,0.0,ocean-no-land,,0,0
Pacific_Ocean_-130_-35_-125_-30,Pacific Ocean,,,0.0,0.0,ocean-no-land,,0,0
Pacific_Ocean_-125_-35_-120_-30,Pacific Ocean,,,0.0,0.0,ocean-no-land,,0,0
Pacific_Ocean_-120_-35_-115_-30,Pacific Ocean,,,0.0,0.0,ocean-no-land,,0,0
Pacific_Ocean_-115_-35_-110_-30,Pacific Ocean,,,0.0,0.0,ocean-no-land,,0,0
Pacific_Ocean_-110_-35_-105_-30,Pacific Ocean,,,0.0,0.0,ocean-no-land,,0,0
Pacific_Ocean_-105_-35_-100_-30,Pacific Ocean,,,0.0,0.0,ocean-no-land,,0,0
Pacific_Ocean_-100_-35_-95_-30,Pacific Ocean,,,0.0,0.0,ocean-no-land,,0,0
Pacific_Ocean_-95_-35_-90_-30,Pacific Ocean,,,0.0,0.0,ocean-no-land,,0,0
Atlantic_Ocean_-90_-35_-85_-30,Atlantic Ocean,,,0.0,0.0,ocean-no-land,,0,0
South_America_-85_-35_-80_-30,South America,,,0.0,0.0,ocean-no-land,,0,0
South_America_-80_-35_-75_-30,South America,South America,Seven seas (open ocean),1.0,0.0,ok,South America 100%,0,0
South_America_-75_-35_-70_-30,South America,South America,South America,1.0,0.339,ok,South America 100%,9715878,80454
South_America_-70_-35_-65_-30,South America,South America,South America,1.0,1.0,ok,South America 100%,543267,2364
South_America_-65_-35_-60_-30,South America,South America,South America,1.0,1.0,ok,South America 100%,899937,5758
South_America_-60_-35_-55_-30,South America,South America,South America,1.0,0.949,ok,South America 100%,7171330,58363
South_America_-55_-35_-50_-30,South America,South America,South America,1.0,0.519,ok,South America 100%,2110997,4382
South_America_-50_-35_-45_-30,South America,,,0.0,0.0,ocean-no-land,,0,0
South_America_-45_-35_-40_-30,South America,,,0.0,0.0,ocean-no-land,,0,0
South_America_-40_-35_-35_-30,South America,,,0.0,0.0,ocean-no-land,,0,0
South_America_-35_-35_-30_-30,South America,,,0.0,0.0,ocean-no-land,,0,0
Atlantic_Ocean_-30_-35_-25_-30,Atlantic Ocean,,,0.0,0.0,ocean-no-land,,0,0
Atlantic_Ocean_-25_-35_-20_-30,Atlantic Ocean,,,0.0,0.0,ocean-no-land,,0,0
Africa_-20_-35_-15_-30,Africa,,,0.0,0.0,ocean-no-land,,0,0
Africa_-15_-35_-10_-30,Africa,,,0.0,0.0,ocean-no-land,,0,0
Africa_-10_-35_-5_-30,Africa,,,0.0,0.0,ocean-no-land,,0,0
Africa_-5_-35_0_-30,Africa,,,0.0,0.0,ocean-no-land,,0,0
Africa_0_-35_5_-30,Africa,,,0.0,0.0,ocean-no-land,,0,0
Africa_5_-35_10_-30,Africa,,,0.0,0.0,ocean-no-land,,0,0
Africa_10_-35_15_-30,Africa,,,0.0,0.0,ocean-no-land,,0,0
Africa_15_-35_20_-30,Africa,Africa,Africa,1.0,0.356,ok,Africa 100%,1584343,28941
Africa_20_-35_25_-30,Africa,Africa,Africa,1.0,0.844,ok,Africa 100%,1068924,37504
Africa_25_-35_30_-30,Africa,Africa,Africa,1.0,0.605,ok,Africa 100%,1292906,57227
Africa_30_-35_35_-30,Africa,Africa,Africa,1.0,0.026,ok,Africa 100%,12724,0
Africa_35_-35_40_-30,Africa,,,0.0,0.0,ocean-no-land,,0,0
Africa_40_-35_45_-30,Africa,,,0.0,0.0,ocean-no-land,,0,0
Africa_45_-35_50_-30,Africa,,,0.0,0.0,ocean-no-land,,0,0
Africa_50_-35_55_-30,Africa,,,0.0,0.0,ocean-no-land,,0,0
Indian_Ocean_55_-35_60_-30,Indian Ocean,,,0.0,0.0,ocean-no-land,,0,0
Indian_Ocean_60_-35_65_-30,Indian Ocean,,,0.0,0.0,ocean-no-land,,0,0
Indian_Ocean_65_-35_70_-30,Indian Ocean,,,0.0,0.0,ocean-no-land,,0,0
Indian_Ocean_70_-35_75_-30,Indian Ocean,,,0.0,0.0,ocean-no-land,,0,0
Indian_Ocean_75_-35_80_-30,Indian Ocean,,,0.0,0.0,ocean-no-land,,0,0
Pacific_Ocean_80_-35_85_-30,Pacific Ocean,,,0.0,0.0,ocean-no-land,,0,0
Pacific_Ocean_85_-35_90_-30,Pacific Ocean,,,0.0,0.0,ocean-no-land,,0,0
Pacific_Ocean_90_-35_95_-30,Pacific Ocean,,,0.0,0.0,ocean-no-land,,0,0
Pacific_Ocean_95_-35_100_-30,Pacific Ocean,,,0.0,0.0,ocean-no-land,,0,0
Pacific_Ocean_100_-35_105_-30,Pacific Ocean,,,0.0,0.0,ocean-no-land,,0,0
Pacific_Ocean_105_-35_110_-30,Pacific Ocean,,,0.0,0.0,ocean-no-land,,0,0
Australia_110_-35_115_-30,Australia,Australia,Oceania,1.0,0.001,ok,Australia 100%,8399,158
Australia_115_-35_120_-30,Australia,Australia,Oceania,1.0,0.866,ok,Australia 100%,1839523,39413
Australia_120_-35_125_-30,Australia,Australia,Oceania,1.0,0.739,ok,Australia 100%,446599,4761
Australia_125_-35_130_-30,Australia,Australia,Oceania,1.0,0.422,ok,Australia 100%,288144,4326
Australia_130_-35_135_-30,Australia,Australia,Oceania,1.0,0.422,ok,Australia 100%,437026,7353
Australia_135_-35_140_-30,Australia,Australia,Oceania,1.0,0.886,ok,Australia 100%,5554519,55704
Australia_140_-35_145_-30,Australia,Australia,Oceania,1.0,1.0,ok,Australia 100%,1327443,20853
Australia_145_-35_150_-30,Australia,Australia,Oceania,1.0,1.0,ok,Australia 100%,5610299,149185
Australia_150_-35_155_-30,Australia,Australia,Oceania,1.0,0.425,ok,Australia 100%,15590802,119528
Pacific_Ocean_155_-35_160_-30,Pacific Ocean,,,0.0,0.0,ocean-no-land,,198,0
New_Zealand_and_Pacific_160_-35_165_-30,New Zealand & Pacific,,,0.0,0.0,ocean-no-land,,0,0
New_Zealand_and_Pacific_165_-35_170_-30,New Zealand & Pacific,,,0.0,0.0,ocean-no-land,,0,0
New_Zealand_and_Pacific_170_-35_175_-30,New Zealand & Pacific,New Zealand & Pacific,Oceania,1.0,0.005,ok,New Zealand & Pacific 100%,22642,29
New_Zealand_and_Pacific_175_-35_180_-30,New Zealand & Pacific,,,0.0,0.0,ocean-no-land,,0,0
Pacific_Ocean_-180_-30_-175_-25,Pacific Ocean,,,0.0,0.0,ocean-no-land,,0,0
Pacific_Ocean_-175_-30_-170_-25,Pacific Ocean,,,0.0,0.0,ocean-no-land,,0,0
Pacific_Ocean_-170_-30_-165_-25,Pacific Ocean,,,0.0,0.0,ocean-no-land,,0,0
Pacific_Ocean_-165_-30_-160_-25,Pacific Ocean,,,0.0,0.0,ocean-no-land,,0,0
Pacific_Ocean_-160_-30_-155_-25,Pacific Ocean,,,0.0,0.0,ocean-no-land,,0,0
Pacific_Ocean_-155_-30_-150_-25,Pacific Ocean,,,0.0,0.0,ocean-no-land,,0,0
Pacific_Ocean_-150_-30_-145_-25,Pacific Ocean,,,0.0,0.0,ocean-no-land,,0,0
Pacific_Ocean_-145_-30_-140_-25,Pacific Ocean,,,0.0,0.0,ocean-no-land,,0,0
Pacific_Ocean_-140_-30_-135_-25,Pacific Ocean,,,0.0,0.0,ocean-no-land,,0,0
Pacific_Ocean_-135_-30_-130_-25,Pacific Ocean,,,0.0,0.0,ocean-no-land,,0,0
Pacific_Ocean_-130_-30_-125_-25,Pacific Ocean,,,0.0,0.0,ocean-no-land,,0,0
Pacific_Ocean_-125_-30_-120_-25,Pacific Ocean,,,0.0,0.0,ocean-no-land,,0,0
Pacific_Ocean_-120_-30_-115_-25,Pacific Ocean,,,0.0,0.0,ocean-no-land,,0,0
Pacific_Ocean_-115_-30_-110_-25,Pacific Ocean,,,0.0,0.0,ocean-no-land,,0,0
Pacific_Ocean_-110_-30_-105_-25,Pacific Ocean,New Zealand & Pacific,Oceania,1.0,0.0,ocean-label-kept,New Zealand & Pacific 100%,2169,141
Pacific_Ocean_-105_-30_-100_-25,Pacific Ocean,,,0.0,0.0,ocean-no-land,,0,0
Pacific_Ocean_-100_-30_-95_-25,Pacific Ocean,,,0.0,0.0,ocean-no-land,,0,0
Pacific_Ocean_-95_-30_-90_-25,Pacific Ocean,,,0.0,0.0,ocean-no-land,,0,0
Atlantic_Ocean_-90_-30_-85_-25,Atlantic Ocean,,,0.0,0.0,ocean-no-land,,0,0
South_America_-85_-30_-80_-25,South America,,,0.0,0.0,ocean-no-land,,0,0
South_America_-80_-30_-75_-25,South America,,,0.0,0.0,ocean-no-land,,0,0
South_America_-75_-30_-70_-25,South America,South America,South America,1.0,0.197,ok,South America 100%,385284,10319
South_America_-70_-30_-65_-25,South America,South America,South America,1.0,1.0,ok,South America 100%,130703,1809
South_America_-65_-30_-60_-25,South America,South America,South America,1.0,1.0,ok,South America 100%,74329,1157
South_America_-60_-30_-55_-25,South America,South America,South America,1.0,1.0,ok,South America 100%,4269285,47029
South_America_-55_-30_-50_-25,South America,South America,South America,1.0,0.999,ok,South America 100%,5100966,91557
South_America_-50_-30_-45_-25,South America,South America,South America,1.0,0.23,ok,South America 100%,7385591,32151
South_America_-45_-30_-40_-25,South America,,,0.0,0.0,ocean-no-land,,0,0
South_America_-40_-30_-35_-25,South America,,,0.0,0.0,ocean-no-land,,0,0
South_America_-35_-30_-30_-25,South America,,,0.0,0.0,ocean-no-land,,0,0
Atlantic_Ocean_-30_-30_-25_-25,Atlantic Ocean,,,0.0,0.0,ocean-no-land,,0,0
Atlantic_Ocean_-25_-30_-20_-25,Atlantic Ocean,,,0.0,0.0,ocean-no-land,,0,0
Africa_-20_-30_-15_-25,Africa,,,0.0,0.0,ocean-no-land,,0,0
Africa_-15_-30_-10_-25,Africa,,,0.0,0.0,ocean-no-land,,0,0
Africa_-10_-30_-5_-25,Africa,,,0.0,0.0,ocean-no-land,,0,0
Africa_-5_-30_0_-25,Africa,,,0.0,0.0,ocean-no-land,,0,0
Africa_0_-30_5_-25,Africa,,,0.0,0.0,ocean-no-land,,0,0
Africa_5_-30_10_-25,Africa,,,0.0,0.0,ocean-no-land,,0,0
Africa_10_-30_15_-25,Africa,Africa,Africa,1.0,0.006,ok,Africa 100%,0,0
Africa_15_-30_20_-25,Africa,Africa,Africa,1.0,0.849,ok,Africa 100%,120312,551
Africa_20_-30_25_-25,Africa,Africa,Africa,1.0,1.0,ok,Africa 100%,374773,29293
Africa_25_-30_30_-25,Africa,Africa,Africa,1.0,1.0,ok,Africa 100%,8597871,434782
Africa_30_-30_35_-25,Africa,Africa,Africa,1.0,0.489,ok,Africa 100%,1671019,41145
Africa_35_-30_40_-25,Africa,,,0.0,0.0,ocean-no-land,,0,0
Africa_40_-30_45_-25,Africa,Africa,Africa,1.0,0.009,ok,Africa 100%,0,0
Africa_45_-30_50_-25,Africa,Africa,Africa,1.0,0.027,ok,Africa 100%,105219,4345
Africa_50_-30_55_-25,Africa,,,0.0,0.0,ocean-no-land,,0,0
Indian_Ocean_55_-30_60_-25,Indian Ocean,,,0.0,0.0,ocean-no-land,,0,0
Indian_Ocean_60_-30_65_-25,Indian Ocean,,,0.0,0.0,ocean-no-land,,0,0
Indian_Ocean_65_-30_70_-25,Indian Ocean,,,0.0,0.0,ocean-no-land,,0,0
Indian_Ocean_70_-30_75_-25,Indian Ocean,,,0.0,0.0,ocean-no-land,,0,0
Indian_Ocean_75_-30_80_-25,Indian Ocean,,,0.0,0.0,ocean-no-land,,0,0
Pacific_Ocean_80_-30_85_-25,Pacific Ocean,,,0.0,0.0,ocean-no-land,,0,0
Pacific_Ocean_85_-30_90_-25,Pacific Ocean,,,0.0,0.0,ocean-no-land,,0,0
Pacific_Ocean_90_-30_95_-25,Pacific Ocean,,,0.0,0.0,ocean-no-land,,0,0
Pacific_Ocean_95_-30_100_-25,Pacific Ocean,,,0.0,0.0,ocean-no-land,,0,0
Pacific_Ocean_100_-30_105_-25,Pacific Ocean,,,0.0,0.0,ocean-no-land,,0,0
Pacific_Ocean_105_-30_110_-25,Pacific Ocean,,,0.0,0.0,ocean-no-land,,0,0
Australia_110_-30_115_-25,Australia,Australia,Oceania,1.0,0.159,ok,Australia 100%,69424,48
Australia_115_-30_120_-25,Australia,Australia,Oceania,1.0,1.0,ok,Australia 100%,288128,6918
Australia_120_-30_125_-25,Australia,Australia,Oceania,1.0,1.0,ok,Australia 100%,44257,0
Australia_125_-30_130_-25,Australia,Australia,Oceania,1.0,1.0,ok,Australia 100%,0,0
Australia_130_-30_135_-25,Australia,Australia,Oceania,1.0,1.0,ok,Australia 100%,81926,57
Australia_135_-30_140_-25,Australia,Australia,Oceania,1.0,1.0,ok,Australia 100%,18477,19
Australia_140_-30_145_-25,Australia,Australia,Oceania,1.0,1.0,ok,Australia 100%,732690,21860
Australia_145_-30_150_-25,Australia,Australia,Oceania,1.0,1.0,ok,Australia 100%,2347678,77976
Australia_150_-30_155_-25,Australia,Australia,Oceania,1.0,0.653,ok,Australia 100%,14075325,279446
New_Zealand_and_Pacific_155_-30_160_-25,New Zealand & Pacific,,,0.0,0.0,ocean-no-land,,0,0
New_Zealand_and_Pacific_160_-30_165_-25,New Zealand & Pacific,,,0.0,0.0,ocean-no-land,,0,0
New_Zealand_and_Pacific_165_-30_170_-25,New Zealand & Pacific,Australia,Oceania,1.0,0.0,taxonomy,Australia 100%,0,0
New_Zealand_and_Pacific_170_-30_175_-25,New Zealand & Pacific,,,0.0,0.0,ocean-no-land,,0,0
New_Zealand_and_Pacific_175_-30_180_-25,New Zealand & Pacific,,,0.0,0.0,ocean-no-land,,0,0
Pacific_Ocean_-180_-25_-175_-20,Pacific Ocean,New Zealand & Pacific,Oceania,1.0,0.001,ocean-label-kept,New Zealand & Pacific 100%,535,0
Pacific_Ocean_-175_-25_-170_-20,Pacific Ocean,New Zealand & Pacific,Oceania,1.0,0.0,ocean-label-kept,New Zealand & Pacific 100%,608,0
Pacific_Ocean_-170_-25_-165_-20,Pacific Ocean,,,0.0,0.0,ocean-no-land,,0,0
Pacific_Ocean_-165_-25_-160_-20,Pacific Ocean,,,0.0,0.0,ocean-no-land,,0,0
Pacific_Ocean_-160_-25_-155_-20,Pacific Ocean,New Zealand & Pacific,Oceania,1.0,0.0,ocean-label-kept,New Zealand & Pacific 100%,15088,627
Pacific_Ocean_-155_-25_-150_-20,Pacific Ocean,,,0.0,0.0,ocean-no-land,,0,0
Pacific_Ocean_-150_-25_-145_-20,Pacific Ocean,,,0.0,0.0,ocean-no-land,,0,0
Pacific_Ocean_-145_-25_-140_-20,Pacific Ocean,,,0.0,0.0,ocean-no-land,,0,0
Pacific_Ocean_-140_-25_-135_-20,Pacific Ocean,New Zealand & Pacific,Oceania,1.0,0.0,ocean-label-kept,New Zealand & Pacific 100%,0,0
Pacific_Ocean_-135_-25_-130_-20,Pacific Ocean,,,0.0,0.0,ocean-no-land,,0,0
Pacific_Ocean_-130_-25_-125_-20,Pacific Ocean,New Zealand & Pacific,Oceania,1.0,0.0,ocean-label-kept,New Zealand & Pacific 100%,13,0
Pacific_Ocean_-125_-25_-120_-20,Pacific Ocean,,,0.0,0.0,ocean-no-land,,0,0
Pacific_Ocean_-120_-25_-115_-20,Pacific Ocean,,,0.0,0.0,ocean-no-land,,0,0
Pacific_Ocean_-115_-25_-110_-20,Pacific Ocean,,,0.0,0.0,ocean-no-land,,0,0
Pacific_Ocean_-110_-25_-105_-20,Pacific Ocean,,,0.0,0.0,ocean-no-land,,0,0
Pacific_Ocean_-105_-25_-100_-20,Pacific Ocean,,,0.0,0.0,ocean-no-land,,0,0
Pacific_Ocean_-100_-25_-95_-20,Pacific Ocean,,,0.0,0.0,ocean-no-land,,0,0
Pacific_Ocean_-95_-25_-90_-20,Pacific Ocean,,,0.0,0.0,ocean-no-land,,0,0
Atlantic_Ocean_-90_-25_-85_-20,Atlantic Ocean,,,0.0,0.0,ocean-no-land,,0,0
South_America_-85_-25_-80_-20,South America,,,0.0,0.0,ocean-no-land,,0,0
South_America_-80_-25_-75_-20,South America,,,0.0,0.0,ocean-no-land,,0,0
South_America_-75_-25_-70_-20,South America,South America,South America,1.0,0.064,ok,South America 100%,140944,2942
South_America_-70_-25_-65_-20,South America,South America,South America,1.0,1.0,ok,South America 100%,227682,3054
South_America_-65_-25_-60_-20,South America,South America,South America,1.0,1.0,ok,South America 100%,51319,458
South_America_-60_-25_-55_-20,South America,South America,South America,1.0,1.0,ok,South America 100%,254968,17312
South_America_-55_-25_-50_-20,South America,South America,South America,1.0,1.0,ok,South America 100%,4119000,94599
South_America_-50_-25_-45_-20,South America,South America,South America,1.0,0.9,ok,South America 100%,33001056,126115
South_America_-45_-25_-40_-20,South America,South America,South America,1.0,0.477,ok,South America 100%,8794848,90601
South_America_-40_-25_-35_-20,South America,,,0.0,0.0,ocean-no-land,,0,0
South_America_-35_-25_-30_-20,South America,,,0.0,0.0,ocean-no-land,,0,0
Atlantic_Ocean_-30_-25_-25_-20,Atlantic Ocean,,,0.0,0.0,ocean-no-land,,0,0
Atlantic_Ocean_-25_-25_-20_-20,Atlantic Ocean,,,0.0,0.0,ocean-no-land,,0,0
Africa_-20_-25_-15_-20,Africa,,,0.0,0.0,ocean-no-land,,0,0
Africa_-15_-25_-10_-20,Africa,,,0.0,0.0,ocean-no-land,,0,0
Africa_-10_-25_-5_-20,Africa,,,0.0,0.0,ocean-no-land,,0,0
Africa_-5_-25_0_-20,Africa,,,0.0,0.0,ocean-no-land,,0,0
Africa_0_-25_5_-20,Africa,,,0.0,0.0,ocean-no-land,,0,0
Africa_5_-25_10_-20,Africa,,,0.0,0.0,ocean-no-land,,0,0
Africa_10_-25_15_-20,Africa,Africa,Africa,1.0,0.175,ok,Africa 100%,64430,42
Africa_15_-25_20_-20,Africa,Africa,Africa,1.0,1.0,ok,Africa 100%,145261,476
Africa_20_-25_25_-20,Africa,Africa,Africa,1.0,1.0,ok,Africa 100%,64280,14
Africa_25_-25_30_-20,Africa,Africa,Africa,1.0,1.0,ok,Africa 100%,440984,2381
Africa_30_-25_35_-20,Africa,Africa,Africa,1.0,0.987,ok,Africa 100%,228263,770
Africa_35_-25_40_-20,Africa,Africa,Africa,1.0,0.053,ok,Africa 100%,19427,328
Africa_40_-25_45_-20,Africa,Africa,Africa,1.0,0.262,ok,Africa 100%,59522,1254
Africa_45_-25_50_-20,Africa,Africa,Africa,1.0,0.59,ok,Africa 100%,378239,10522
Africa_50_-25_55_-20,Africa,,,0.0,0.0,ocean-no-land,,0,0
Indian_Ocean_55_-25_60_-20,Indian Ocean,Africa,Seven seas (open ocean),1.0,0.015,ocean-label-kept,Africa 100%,1678308,2002
Indian_Ocean_60_-25_65_-20,Indian Ocean,,,0.0,0.0,ocean-no-land,,0,0
Indian_Ocean_65_-25_70_-20,Indian Ocean,,,0.0,0.0,ocean-no-land,,0,0
Indian_Ocean_70_-25_75_-20,Indian Ocean,,,0.0,0.0,ocean-no-land,,0,0
Indian_Ocean_75_-25_80_-20,Indian Ocean,,,0.0,0.0,ocean-no-land,,0,0
Pacific_Ocean_80_-25_85_-20,Pacific Ocean,,,0.0,0.0,ocean-no-land,,0,0
Pacific_Ocean_85_-25_90_-20,Pacific Ocean,,,0.0,0.0,ocean-no-land,,0,0
Pacific_Ocean_90_-25_95_-20,Pacific Ocean,,,0.0,0.0,ocean-no-land,,0,0
Pacific_Ocean_95_-25_100_-20,Pacific Ocean,,,0.0,0.0,ocean-no-land,,0,0
Pacific_Ocean_100_-25_105_-20,Pacific Ocean,,,0.0,0.0,ocean-no-land,,0,0
Pacific_Ocean_105_-25_110_-20,Pacific Ocean,,,0.0,0.0,ocean-no-land,,0,0
Australia_110_-25_115_-20,Australia,Australia,Oceania,1.0,0.161,ok,Australia 100%,66962,8
Australia_115_-25_120_-20,Australia,Australia,Oceania,1.0,0.874,ok,Australia 100%,96948,0
Australia_120_-25_125_-20,Australia,Australia,Oceania,1.0,1.0,ok,Australia 100%,668,0
Australia_125_-25_130_-20,Australia,Australia,Oceania,1.0,1.0,ok,Australia 100%,0,0
Australia_130_-25_135_-20,Australia,Australia,Oceania,1.0,1.0,ok,Australia 100%,98638,109
Australia_135_-25_140_-20,Australia,Australia,Oceania,1.0,1.0,ok,Australia 100%,255043,12292
Australia_140_-25_145_-20,Australia,Australia,Oceania,1.0,1.0,ok,Australia 100%,837181,49374
Australia_145_-25_150_-20,Australia,Australia,Oceania,1.0,0.918,ok,Australia 100%,1232877,35581
Australia_150_-25_155_-20,Australia,Australia,Oceania,1.0,0.145,ok,Australia 100%,186719,6607
New_Zealand_and_Pacific_155_-25_160_-20,New Zealand & Pacific,,,0.0,0.0,ocean-no-land,,0,0
New_Zealand_and_Pacific_160_-25_165_-20,New Zealand & Pacific,New Zealand & Pacific,Oceania,1.0,0.018,ok,New Zealand & Pacific 100%,8611,89
New_Zealand_and_Pacific_165_-25_170_-20,New Zealand & Pacific,New Zealand & Pacific,Oceania,1.0,0.047,ok,New Zealand & Pacific 100%,84315,321
New_Zealand_and_Pacific_170_-25_175_-20,New Zealand & Pacific,New Zealand & Pacific,Oceania,1.0,0.0,ok,New Zealand & Pacific 100%,0,0
New_Zealand_and_Pacific_175_-25_180_-20,New Zealand & Pacific,,,0.0,0.0,ocean-no-land,,0,0
Pacific_Ocean_-180_-20_-175_-15,Pacific Ocean,New Zealand & Pacific,Oceania,1.0,0.002,ocean-label-kept,New Zealand & Pacific 100%,0,0
Pacific_Ocean_-175_-20_-170_-15,Pacific Ocean,New Zealand & Pacific,Oceania,1.0,0.0,ocean-label-kept,New Zealand & Pacific 100%,3075,0
Pacific_Ocean_-170_-20_-165_-15,Pacific Ocean,New Zealand & Pacific,Oceania,1.0,0.001,ocean-label-kept,New Zealand & Pacific 100%,0,0
Pacific_Ocean_-165_-20_-160_-15,Pacific Ocean,,,0.0,0.0,ocean-no-land,,0,0
Pacific_Ocean_-160_-20_-155_-15,Pacific Ocean,,,0.0,0.0,ocean-no-land,,0,0
Pacific_Ocean_-155_-20_-150_-15,Pacific Ocean,New Zealand & Pacific,Oceania,1.0,0.001,ocean-label-kept,New Zealand & Pacific 100%,347,0
Pacific_Ocean_-150_-20_-145_-15,Pacific Ocean,New Zealand & Pacific,Oceania,1.0,0.004,ocean-label-kept,New Zealand & Pacific 100%,20898,11
Pacific_Ocean_-145_-20_-140_-15,Pacific Ocean,New Zealand & Pacific,Oceania,1.0,0.001,ocean-label-kept,New Zealand & Pacific 100%,0,0
Pacific_Ocean_-140_-20_-135_-15,Pacific Ocean,New Zealand & Pacific,Oceania,1.0,0.0,ocean-label-kept,New Zealand & Pacific 100%,0,0
Pacific_Ocean_-135_-20_-130_-15,Pacific Ocean,,,0.0,0.0,ocean-no-land,,0,0
Pacific_Ocean_-130_-20_-125_-15,Pacific Ocean,,,0.0,0.0,ocean-no-land,,0,0
Pacific_Ocean_-125_-20_-120_-15,Pacific Ocean,,,0.0,0.0,ocean-no-land,,0,0
Pacific_Ocean_-120_-20_-115_-15,Pacific Ocean,,,0.0,0.0,ocean-no-land,,0,0
Pacific_Ocean_-115_-20_-110_-15,Pacific Ocean,,,0.0,0.0,ocean-no-land,,0,0
Pacific_Ocean_-110_-20_-105_-15,Pacific Ocean,,,0.0,0.0,ocean-no-land,,0,0
Pacific_Ocean_-105_-20_-100_-15,Pacific Ocean,,,0.0,0.0,ocean-no-land,,0,0
Pacific_Ocean_-100_-20_-95_-15,Pacific Ocean,,,0.0,0.0,ocean-no-land,,0,0
Pacific_Ocean_-95_-20_-90_-15,Pacific Ocean,,,0.0,0.0,ocean-no-land,,0,0
Atlantic_Ocean_-90_-20_-85_-15,Atlantic Ocean,,,0.0,0.0,ocean-no-land,,0,0
South_America_-85_-20_-80_-15,South America,,,0.0,0.0,ocean-no-land,,0,0
South_America_-80_-20_-75_-15,South America,South America,South America,1.0,0.005,ok,South America 100%,934,15
South_America_-75_-20_-70_-15,South America,South America,South America,1.0,0.395,ok,South America 100%,1306029,24251
South_America_-70_-20_-65_-15,South America,South America,South America,1.0,1.0,ok,South America 100%,3925091,51557
South_America_-65_-20_-60_-15,South America,South America,South America,1.0,1.0,ok,South America 100%,1636060,20401
South_America_-60_-20_-55_-15,South America,South America,South America,1.0,1.0,ok,South America 100%,1106594,26265
South_America_-55_-20_-50_-15,South America,South America,South America,1.0,1.0,ok,South America 100%,1878657,50857
South_America_-50_-20_-45_-15,South America,South America,South America,1.0,1.0,ok,South America 100%,8849266,57199
South_America_-45_-20_-40_-15,South America,South America,South America,1.0,0.999,ok,South America 100%,5448654,83771
South_America_-40_-20_-35_-15,South America,South America,South America,1.0,0.131,ok,South America 100%,123209,4829
South_America_-35_-20_-30_-15,South America,,,0.0,0.0,ocean-no-land,,0,0
Atlantic_Ocean_-30_-20_-25_-15,Atlantic Ocean,,,0.0,0.0,ocean-no-land,,0,0
Atlantic_Ocean_-25_-20_-20_-15,Atlantic Ocean,,,0.0,0.0,ocean-no-land,,0,0
Africa_-20_-20_-15_-15,Africa,,,0.0,0.0,ocean-no-land,,0,0
Africa_-15_-20_-10_-15,Africa,,,0.0,0.0,ocean-no-land,,0,0
Africa_-10_-20_-5_-15,Africa,Africa,Seven seas (open ocean),1.0,0.0,ok,Africa 100%,0,0
Africa_-5_-20_0_-15,Africa,,,0.0,0.0,ocean-no-land,,0,0
Africa_0_-20_5_-15,Africa,,,0.0,0.0,ocean-no-land,,0,0
Africa_5_-20_10_-15,Africa,,,0.0,0.0,ocean-no-land,,0,0
Africa_10_-20_15_-15,Africa,Africa,Africa,1.0,0.584,ok,Africa 100%,59249,1647
Africa_15_-20_20_-15,Africa,Africa,Africa,1.0,1.0,ok,Africa 100%,99241,1621
Africa_20_-20_25_-15,Africa,Africa,Africa,1.0,1.0,ok,Africa 100%,110360,358
Africa_25_-20_30_-15,Africa,Africa,Africa,1.0,1.0,ok,Africa 100%,241916,4805
Africa_30_-20_35_-15,Africa,Africa,Africa,1.0,0.998,ok,Africa 100%,264263,8013
Africa_35_-20_40_-15,Africa,Africa,Africa,1.0,0.569,ok,Africa 100%,321949,5756
Africa_40_-20_45_-15,Africa,Africa,Africa,1.0,0.137,ok,Africa 100%,36617,505
Africa_45_-20_50_-15,Africa,Africa,Africa,1.0,0.832,ok,Africa 100%,536180,14836
Africa_50_-20_55_-15,Africa,Africa,Africa,1.0,0.015,ok,Africa 100%,0,0
Indian_Ocean_55_-20_60_-15,Indian Ocean,Africa,Seven seas (open ocean),1.0,0.0,ocean-label-kept,Africa 100%,2231,5
Indian_Ocean_60_-20_65_-15,Indian Ocean,,,0.0,0.0,ocean-no-land,,0,0
Indian_Ocean_65_-20_70_-15,Indian Ocean,,,0.0,0.0,ocean-no-land,,0,0
Indian_Ocean_70_-20_75_-15,Indian Ocean,,,0.0,0.0,ocean-no-land,,0,0
Indian_Ocean_75_-20_80_-15,Indian Ocean,,,0.0,0.0,ocean-no-land,,0,0
Pacific_Ocean_80_-20_85_-15,Pacific Ocean,,,0.0,0.0,ocean-no-land,,0,0
Pacific_Ocean_85_-20_90_-15,Pacific Ocean,,,0.0,0.0,ocean-no-land,,0,0
Pacific_Ocean_90_-20_95_-15,Pacific Ocean,,,0.0,0.0,ocean-no-land,,0,0
Pacific_Ocean_95_-20_100_-15,Pacific Ocean,,,0.0,0.0,ocean-no-land,,0,0
Pacific_Ocean_100_-20_105_-15,Pacific Ocean,,,0.0,0.0,ocean-no-land,,0,0
Pacific_Ocean_105_-20_110_-15,Pacific Ocean,,,0.0,0.0,ocean-no-land,,0,0
Australia_110_-20_115_-15,Australia,,,0.0,0.0,ocean-no-land,,0,0
Australia_115_-20_120_-15,Australia,Australia,Oceania,1.0,0.001,ok,Australia 100%,556,0
Australia_120_-20_125_-15,Australia,Australia,Oceania,1.0,0.456,ok,Australia 100%,122956,0
Australia_125_-20_130_-15,Australia,Australia,Oceania,1.0,0.997,ok,Australia 100%,110226,0
Australia_130_-20_135_-15,Australia,Australia,Oceania,1.0,1.0,ok,Australia 100%,89395,0
Australia_135_-20_140_-15,Australia,Australia,Oceania,1.0,0.764,ok,Australia 100%,117034,536
Australia_140_-20_145_-15,Australia,Australia,Oceania,1.0,0.869,ok,Australia 100%,498041,3339
Australia_145_-20_150_-15,Australia,Australia,Oceania,1.0,0.22,ok,Australia 100%,757649,3330
Australia_150_-20_155_-15,Australia,,,0.0,0.0,ocean-no-land,,0,0
New_Zealand_and_Pacific_155_-20_160_-15,New Zealand & Pacific,New Zealand & Pacific,Oceania,1.0,0.0,ok,New Zealand & Pacific 100%,0,0
New_Zealand_and_Pacific_160_-20_165_-15,New Zealand & Pacific,,,0.0,0.0,ocean-no-land,,0,0
New_Zealand_and_Pacific_165_-20_170_-15,New Zealand & Pacific,New Zealand & Pacific,Oceania,1.0,0.033,ok,New Zealand & Pacific 100%,91540,119
New_Zealand_and_Pacific_170_-20_175_-15,New Zealand & Pacific,,,0.0,0.0,ocean-no-land,,208,0
New_Zealand_and_Pacific_175_-20_180_-15,New Zealand & Pacific,New Zealand & Pacific,Oceania,1.0,0.06,ok,New Zealand & Pacific 100%,266549,10527
Pacific_Ocean_-180_-15_-175_-10,Pacific Ocean,New Zealand & Pacific,Oceania,1.0,0.0,ocean-label-kept,New Zealand & Pacific 100%,0,0
Pacific_Ocean_-175_-15_-170_-10,Pacific Ocean,New Zealand & Pacific,Oceania,1.0,0.009,ocean-label-kept,New Zealand & Pacific 100%,77337,1369
Pacific_Ocean_-170_-15_-165_-10,Pacific Ocean,,,0.0,0.0,ocean-no-land,,0,0
Pacific_Ocean_-165_-15_-160_-10,Pacific Ocean,,,0.0,0.0,ocean-no-land,,0,0
Pacific_Ocean_-160_-15_-155_-10,Pacific Ocean,,,0.0,0.0,ocean-no-land,,0,0
Pacific_Ocean_-155_-15_-150_-10,Pacific Ocean,New Zealand & Pacific,Oceania,1.0,0.0,ocean-label-kept,New Zealand & Pacific 100%,0,0
Pacific_Ocean_-150_-15_-145_-10,Pacific Ocean,,,0.0,0.0,ocean-no-land,,0,0
Pacific_Ocean_-145_-15_-140_-10,Pacific Ocean,,,0.0,0.0,ocean-no-land,,0,0
Pacific_Ocean_-140_-15_-135_-10,Pacific Ocean,New Zealand & Pacific,Oceania,1.0,0.0,ocean-label-kept,New Zealand & Pacific 100%,0,0
Pacific_Ocean_-135_-15_-130_-10,Pacific Ocean,,,0.0,0.0,ocean-no-land,,0,0
Pacific_Ocean_-130_-15_-125_-10,Pacific Ocean,,,0.0,0.0,ocean-no-land,,0,0
Pacific_Ocean_-125_-15_-120_-10,Pacific Ocean,,,0.0,0.0,ocean-no-land,,0,0
Pacific_Ocean_-120_-15_-115_-10,Pacific Ocean,,,0.0,0.0,ocean-no-land,,0,0
Pacific_Ocean_-115_-15_-110_-10,Pacific Ocean,,,0.0,0.0,ocean-no-land,,0,0
Pacific_Ocean_-110_-15_-105_-10,Pacific Ocean,,,0.0,0.0,ocean-no-land,,0,0
Pacific_Ocean_-105_-15_-100_-10,Pacific Ocean,,,0.0,0.0,ocean-no-land,,0,0
Pacific_Ocean_-100_-15_-95_-10,Pacific Ocean,,,0.0,0.0,ocean-no-land,,0,0
Pacific_Ocean_-95_-15_-90_-10,Pacific Ocean,,,0.0,0.0,ocean-no-land,,0,0
Atlantic_Ocean_-90_-15_-85_-10,Atlantic Ocean,,,0.0,0.0,ocean-no-land,,0,0
South_America_-85_-15_-80_-10,South America,,,0.0,0.0,ocean-no-land,,0,0
South_America_-80_-15_-75_-10,South America,South America,South America,1.0,0.376,ok,South America 100%,7046350,103240
South_America_-75_-15_-70_-10,South America,South America,South America,1.0,1.0,ok,South America 100%,1145692,34151
South_America_-70_-15_-65_-10,South America,South America,South America,1.0,1.0,ok,South America 100%,1093494,51953
South_America_-65_-15_-60_-10,South America,South America,South America,1.0,1.0,ok,South America 100%,5129247,150410
South_America_-60_-15_-55_-10,South America,South America,South America,1.0,1.0,ok,South America 100%,1102394,28288
South_America_-55_-15_-50_-10,South America,South America,South America,1.0,1.0,ok,South America 100%,506636,10060
South_America_-50_-15_-45_-10,South America,South America,South America,1.0,1.0,ok,South America 100%,1307614,15183
South_America_-45_-15_-40_-10,South America,South America,South America,1.0,1.0,ok,South America 100%,1021487,2709
South_America_-40_-15_-35_-10,South America,South America,South America,1.0,0.402,ok,South America 100%,1917210,8201
South_America_-35_-15_-30_-10,South America,,,0.0,0.0,ocean-no-land,,0,0
Atlantic_Ocean_-30_-15_-25_-10,Atlantic Ocean,,,0.0,0.0,ocean-no-land,,0,0
Atlantic_Ocean_-25_-15_-20_-10,Atlantic Ocean,,,0.0,0.0,ocean-no-land,,0,0
Africa_-20_-15_-15_-10,Africa,,,0.0,0.0,ocean-no-land,,0,0
Africa_-15_-15_-10_-10,Africa,,,0.0,0.0,ocean-no-land,,0,0
Africa_-10_-15_-5_-10,Africa,,,0.0,0.0,ocean-no-land,,0,0
Africa_-5_-15_0_-10,Africa,,,0.0,0.0,ocean-no-land,,0,0
Africa_0_-15_5_-10,Africa,,,0.0,0.0,ocean-no-land,,0,0
Africa_5_-15_10_-10,Africa,,,0.0,0.0,ocean-no-land,,0,0
Africa_10_-15_15_-10,Africa,Africa,Africa,1.0,0.374,ok,Africa 100%,98700,2754
Africa_15_-15_20_-10,Africa,Africa,Africa,1.0,1.0,ok,Africa 100%,7317,0
Africa_20_-15_25_-10,Africa,Africa,Africa,1.0,1.0,ok,Africa 100%,104696,2283
Africa_25_-15_30_-10,Africa,Africa,Africa,1.0,1.0,ok,Africa 100%,493219,6125
Africa_30_-15_35_-10,Africa,Africa,Africa,1.0,1.0,ok,Africa 100%,72602,641
Africa_35_-15_40_-10,Africa,Africa,Africa,1.0,0.999,ok,Africa 100%,82005,1887
Africa_40_-15_45_-10,Africa,Africa,Africa,1.0,0.112,ok,Africa 100%,120807,2451
Africa_45_-15_50_-10,Africa,Africa,Africa,1.0,0.179,ok,Africa 100%,697491,12697
Africa_50_-15_55_-10,Africa,Africa,Africa,1.0,0.011,ok,Africa 100%,1680,0
Indian_Ocean_55_-15_60_-10,Indian Ocean,,,0.0,0.0,ocean-no-land,,0,0
Indian_Ocean_60_-15_65_-10,Indian Ocean,,,0.0,0.0,ocean-no-land,,0,0
Indian_Ocean_65_-15_70_-10,Indian Ocean,,,0.0,0.0,ocean-no-land,,0,0
Indian_Ocean_70_-15_75_-10,Indian Ocean,,,0.0,0.0,ocean-no-land,,0,0
Indian_Ocean_75_-15_80_-10,Indian Ocean,,,0.0,0.0,ocean-no-land,,0,0
Pacific_Ocean_80_-15_85_-10,Pacific Ocean,,,0.0,0.0,ocean-no-land,,0,0
Pacific_Ocean_85_-15_90_-10,Pacific Ocean,,,0.0,0.0,ocean-no-land,,0,0
Pacific_Ocean_90_-15_95_-10,Pacific Ocean,,,0.0,0.0,ocean-no-land,,0,0
Pacific_Ocean_95_-15_100_-10,Pacific Ocean,Southeast Asia,Asia,1.0,0.0,ocean-label-kept,Southeast Asia 100%,0,0
Pacific_Ocean_100_-15_105_-10,Pacific Ocean,,,0.0,0.0,ocean-no-land,,0,0
Pacific_Ocean_105_-15_110_-10,Pacific Ocean,Southeast Asia,Asia,1.0,0.0,ocean-label-kept,Southeast Asia 100%,8231,0
Australia_110_-15_115_-10,Australia,,,0.0,0.0,ocean-no-land,,0,0
Australia_115_-15_120_-10,Australia,Southeast Asia,Asia,1.0,0.0,MISASSIGNED,Southeast Asia 100%,0,0
Australia_120_-15_125_-10,Australia,Southeast Asia,Asia,1.0,0.021,MISASSIGNED,Southeast Asia 100%; Australia 0%,0,0
Australia_125_-15_130_-10,Australia,Australia,Oceania,1.0,0.121,ok,Australia 100%,0,0
Australia_130_-15_135_-10,Australia,Australia,Oceania,1.0,0.604,ok,Australia 100%,53361,29
Australia_135_-15_140_-10,Australia,Australia,Oceania,1.0,0.137,ok,Australia 100%,11171,0
Australia_140_-15_145_-10,Australia,Australia,Oceania,1.0,0.293,ok,Australia 100%,236835,497
Australia_145_-15_150_-10,Australia,New Zealand & Pacific,Oceania,0.92,0.023,taxonomy,New Zealand & Pacific 92%; Australia 8%,21102,484
Australia_150_-15_155_-10,Australia,New Zealand & Pacific,Oceania,1.0,0.016,taxonomy,New Zealand & Pacific 100%,13059,72
New_Zealand_and_Pacific_155_-15_160_-10,New Zealand & Pacific,New Zealand & Pacific,Oceania,1.0,0.0,ok,New Zealand & Pacific 100%,0,0
New_Zealand_and_Pacific_160_-15_165_-10,New Zealand & Pacific,New Zealand & Pacific,Oceania,1.0,0.012,ok,New Zealand & Pacific 100%,0,0
New_Zealand_and_Pacific_165_-15_170_-10,New Zealand & Pacific,New Zealand & Pacific,Oceania,1.0,0.007,ok,New Zealand & Pacific 100%,0,0
New_Zealand_and_Pacific_170_-15_175_-10,New Zealand & Pacific,,,0.0,0.0,ocean-no-land,,0,0
New_Zealand_and_Pacific_175_-15_180_-10,New Zealand & Pacific,New Zealand & Pacific,Oceania,1.0,0.0,ok,New Zealand & Pacific 100%,0,0
Pacific_Ocean_-180_-10_-175_-5,Pacific Ocean,,,0.0,0.0,ocean-no-land,,0,0
Pacific_Ocean_-175_-10_-170_-5,Pacific Ocean,New Zealand & Pacific,Oceania,1.0,0.0,ocean-label-kept,New Zealand & Pacific 100%,0,0
Pacific_Ocean_-170_-10_-165_-5,Pacific Ocean,,,0.0,0.0,ocean-no-land,,0,0
Pacific_Ocean_-165_-10_-160_-5,Pacific Ocean,,,0.0,0.0,ocean-no-land,,0,0
Pacific_Ocean_-160_-10_-155_-5,Pacific Ocean,New Zealand & Pacific,Oceania,1.0,0.0,ocean-label-kept,New Zealand & Pacific 100%,0,0
Pacific_Ocean_-155_-10_-150_-5,Pacific Ocean,,,0.0,0.0,ocean-no-land,,0,0
Pacific_Ocean_-150_-10_-145_-5,Pacific Ocean,,,0.0,0.0,ocean-no-land,,0,0
Pacific_Ocean_-145_-10_-140_-5,Pacific Ocean,New Zealand & Pacific,Oceania,1.0,0.001,ocean-label-kept,New Zealand & Pacific 100%,0,0
Pacific_Ocean_-140_-10_-135_-5,Pacific Ocean,New Zealand & Pacific,Oceania,1.0,0.002,ocean-label-kept,New Zealand & Pacific 100%,0,0
Pacific_Ocean_-135_-10_-130_-5,Pacific Ocean,,,0.0,0.0,ocean-no-land,,0,0
Pacific_Ocean_-130_-10_-125_-5,Pacific Ocean,,,0.0,0.0,ocean-no-land,,0,0
Pacific_Ocean_-125_-10_-120_-5,Pacific Ocean,,,0.0,0.0,ocean-no-land,,0,0
Pacific_Ocean_-120_-10_-115_-5,Pacific Ocean,,,0.0,0.0,ocean-no-land,,0,0
Pacific_Ocean_-115_-10_-110_-5,Pacific Ocean,,,0.0,0.0,ocean-no-land,,0,0
Pacific_Ocean_-110_-10_-105_-5,Pacific Ocean,,,0.0,0.0,ocean-no-land,,0,0
Pacific_Ocean_-105_-10_-100_-5,Pacific Ocean,,,0.0,0.0,ocean-no-land,,0,0
Pacific_Ocean_-100_-10_-95_-5,Pacific Ocean,,,0.0,0.0,ocean-no-land,,0,0
Pacific_Ocean_-95_-10_-90_-5,Pacific Ocean,,,0.0,0.0,ocean-no-land,,0,0
Atlantic_Ocean_-90_-10_-85_-5,Atlantic Ocean,,,0.0,0.0,ocean-no-land,,0,0
South_America_-85_-10_-80_-5,South America,South America,South America,1.0,0.06,ok,South America 100%,476834,11342
South_America_-80_-10_-75_-5,South America,South America,South America,1.0,0.872,ok,South America 100%,2156615,40903
South_America_-75_-10_-70_-5,South America,South America,South America,1.0,1.0,ok,South America 100%,215819,12098
South_America_-70_-10_-65_-5,South America,South America,South America,1.0,1.0,ok,South America 100%,1548373,79538
South_America_-65_-10_-60_-5,South America,South America,South America,1.0,1.0,ok,South America 100%,11305085,391516
South_America_-60_-10_-55_-5,South America,South America,South America,1.0,1.0,ok,South America 100%,176423,4936
South_America_-55_-10_-50_-5,South America,South America,South America,1.0,1.0,ok,South America 100%,101284,1759
South_America_-50_-10_-45_-5,South America,South America,South America,1.0,1.0,ok,South America 100%,374204,3782
South_America_-45_-10_-40_-5,South America,South America,South America,1.0,1.0,ok,South America 100%,107170,844
South_America_-40_-10_-35_-5,South America,South America,South America,1.0,0.957,ok,South America 100%,4124219,62596
South_America_-35_-10_-30_-5,South America,South America,South America,1.0,0.009,ok,South America 100%,2505080,4441
Atlantic_Ocean_-30_-10_-25_-5,Atlantic Ocean,,,0.0,0.0,ocean-no-land,,0,0
Atlantic_Ocean_-25_-10_-20_-5,Atlantic Ocean,,,0.0,0.0,ocean-no-land,,0,0
Africa_-20_-10_-15_-5,Africa,,,0.0,0.0,ocean-no-land,,0,0
Africa_-15_-10_-10_-5,Africa,,,0.0,0.0,ocean-no-land,,0,0
Africa_-10_-10_-5_-5,Africa,,,0.0,0.0,ocean-no-land,,0,0
Africa_-5_-10_0_-5,Africa,,,0.0,0.0,ocean-no-land,,0,0
Africa_0_-10_5_-5,Africa,,,0.0,0.0,ocean-no-land,,0,0
Africa_5_-10_10_-5,Africa,,,0.0,0.0,ocean-no-land,,0,0
Africa_10_-10_15_-5,Africa,Africa,Africa,1.0,0.432,ok,Africa 100%,577890,3477
Africa_15_-10_20_-5,Africa,Africa,Africa,1.0,1.0,ok,Africa 100%,37326,344
Africa_20_-10_25_-5,Africa,Africa,Africa,1.0,1.0,ok,Africa 100%,226055,10302
Africa_25_-10_30_-5,Africa,Africa,Africa,1.0,1.0,ok,Africa 100%,199622,1171
Africa_30_-10_35_-5,Africa,Africa,Africa,1.0,1.0,ok,Africa 100%,33601,668
Africa_35_-10_40_-5,Africa,Africa,Africa,1.0,0.869,ok,Africa 100%,1612472,77592
Africa_40_-10_45_-5,Africa,,,0.0,0.0,ocean-no-land,,0,0
Africa_45_-10_50_-5,Africa,,,0.0,0.0,ocean-no-land,,0,0
Africa_50_-10_55_-5,Africa,,,0.0,0.0,ocean-no-land,,0,0
Indian_Ocean_55_-10_60_-5,Indian Ocean,,,0.0,0.0,ocean-no-land,,0,0
Indian_Ocean_60_-10_65_-5,Indian Ocean,,,0.0,0.0,ocean-no-land,,0,0
Indian_Ocean_65_-10_70_-5,Indian Ocean,,,0.0,0.0,ocean-no-land,,0,0
Indian_Ocean_70_-10_75_-5,Indian Ocean,,,0.0,0.0,ocean-no-land,,0,0
Indian_Ocean_75_-10_80_-5,Indian Ocean,,,0.0,0.0,ocean-no-land,,0,0
Pacific_Ocean_80_-10_85_-5,Pacific Ocean,,,0.0,0.0,ocean-no-land,,0,0
Pacific_Ocean_85_-10_90_-5,Pacific Ocean,,,0.0,0.0,ocean-no-land,,0,0
Southeast_Asia_90_-10_95_-5,Southeast Asia,,,0.0,0.0,ocean-no-land,,0,0
Southeast_Asia_95_-10_100_-5,Southeast Asia,,,0.0,0.0,ocean-no-land,,0,0
Southeast_Asia_100_-10_105_-5,Southeast Asia,Southeast Asia,Asia,1.0,0.028,ok,Southeast Asia 100%,70024,2138
Southeast_Asia_105_-10_110_-5,Southeast Asia,Southeast Asia,Asia,1.0,0.225,ok,Southeast Asia 100%,25487379,185362
Southeast_Asia_110_-10_115_-5,Southeast Asia,Southeast Asia,Asia,1.0,0.232,ok,Southeast Asia 100%,4799522,31998
Southeast_Asia_115_-10_120_-5,Southeast Asia,Southeast Asia,Asia,1.0,0.113,ok,Southeast Asia 100%,3957694,31205
Southeast_Asia_120_-10_125_-5,Southeast Asia,Southeast Asia,Asia,1.0,0.135,ok,Southeast Asia 100%,53956,2229
Southeast_Asia_125_-10_130_-5,Southeast Asia,Southeast Asia,Asia,1.0,0.061,ok,Southeast Asia 100%,998388,54053
Southeast_Asia_130_-10_135_-5,Southeast Asia,Southeast Asia,Asia,1.0,0.039,ok,Southeast Asia 100%,0,0
Southeast_Asia_135_-10_140_-5,Southeast Asia,Southeast Asia,Asia,1.0,0.226,ok,Southeast Asia 100%,2,0
Southeast_Asia_140_-10_145_-5,Southeast Asia,New Zealand & Pacific,Oceania,0.805,0.722,MISASSIGNED,New Zealand & Pacific 80%; Southeast Asia 20%,0,0
New_Zealand_and_Pacific_145_-10_150_-5,New Zealand & Pacific,New Zealand & Pacific,Oceania,1.0,0.452,ok,New Zealand & Pacific 100%,635025,10585
New_Zealand_and_Pacific_150_-10_155_-5,New Zealand & Pacific,New Zealand & Pacific,Oceania,1.0,0.077,ok,New Zealand & Pacific 100%,45990,2381
New_Zealand_and_Pacific_155_-10_160_-5,New Zealand & Pacific,New Zealand & Pacific,Oceania,1.0,0.066,ok,New Zealand & Pacific 100%,177981,3120
New_Zealand_and_Pacific_160_-10_165_-5,New Zealand & Pacific,New Zealand & Pacific,Oceania,1.0,0.026,ok,New Zealand & Pacific 100%,158477,1568
New_Zealand_and_Pacific_165_-10_170_-5,New Zealand & Pacific,,,0.0,0.0,ocean-no-land,,0,0
New_Zealand_and_Pacific_170_-10_175_-5,New Zealand & Pacific,,,0.0,0.0,ocean-no-land,,0,0
New_Zealand_and_Pacific_175_-10_180_-5,New Zealand & Pacific,New Zealand & Pacific,Oceania,1.0,0.0,ok,New Zealand & Pacific 100%,0,0
Pacific_Ocean_-180_-5_-175_0,Pacific Ocean,,,0.0,0.0,ocean-no-land,,0,0
Pacific_Ocean_-175_-5_-170_0,Pacific Ocean,New Zealand & Pacific,Oceania,1.0,0.0,ocean-label-kept,New Zealand & Pacific 100%,0,0
Pacific_Ocean_-170_-5_-165_0,Pacific Ocean,,,0.0,0.0,ocean-no-land,,0,0
Pacific_Ocean_-165_-5_-160_0,Pacific Ocean,,,0.0,0.0,ocean-no-land,,0,0
Pacific_Ocean_-160_-5_-155_0,Pacific Ocean,New Zealand & Pacific,Oceania,1.0,0.0,ocean-label-kept,New Zealand & Pacific 100%,0,0
Pacific_Ocean_-155_-5_-150_0,Pacific Ocean,New Zealand & Pacific,Oceania,1.0,0.0,ocean-label-kept,New Zealand & Pacific 100%,0,0
Pacific_Ocean_-150_-5_-145_0,Pacific Ocean,,,0.0,0.0,ocean-no-land,,0,0
Pacific_Ocean_-145_-5_-140_0,Pacific Ocean,,,0.0,0.0,ocean-no-land,,0,0
Pacific_Ocean_-140_-5_-135_0,Pacific Ocean,,,0.0,0.0,ocean-no-land,,0,0
Pacific_Ocean_-135_-5_-130_0,Pacific Ocean,,,0.0,0.0,ocean-no-land,,0,0
Pacific_Ocean_-130_-5_-125_0,Pacific Ocean,,,0.0,0.0,ocean-no-land,,0,0
Pacific_Ocean_-125_-5_-120_0,Pacific Ocean,,,0.0,0.0,ocean-no-land,,0,0
Pacific_Ocean_-120_-5_-115_0,Pacific Ocean,,,0.0,0.0,ocean-no-land,,0,0
Pacific_Ocean_-115_-5_-110_0,Pacific Ocean,,,0.0,0.0,ocean-no-land,,0,0
Pacific_Ocean_-110_-5_-105_0,Pacific Ocean,,,0.0,0.0,ocean-no-land,,0,0
Pacific_Ocean_-105_-5_-100_0,Pacific Ocean,,,0.0,0.0,ocean-no-land,,0,0
Pacific_Ocean_-100_-5_-95_0,Pacific Ocean,,,0.0,0.0,ocean-no-land,,0,0
Pacific_Ocean_-95_-5_-90_0,Pacific Ocean,South America,South America,1.0,0.021,ocean-label-kept,South America 100%,48018,437
Atlantic_Ocean_-90_-5_-85_0,Atlantic Ocean,South America,South America,1.0,0.002,ocean-label-kept,South America 100%,48118,39
South_America_-85_-5_-80_0,South America,South America,South America,1.0,0.139,ok,South America 100%,574173,10238
South_America_-80_-5_-75_0,South America,South America,South America,1.0,0.995,ok,South America 100%,5743187,69941
South_America_-75_-5_-70_0,South America,South America,South America,1.0,1.0,ok,South America 100%,25686,287
South_America_-70_-5_-65_0,South America,South America,South America,1.0,1.0,ok,South America 100%,11394,540
South_America_-65_-5_-60_0,South America,South America,South America,1.0,1.0,ok,South America 100%,725554,1176
South_America_-60_-5_-55_0,South America,South America,South America,1.0,1.0,ok,South America 100%,863868,2052
South_America_-55_-5_-50_0,South America,South America,South America,1.0,0.958,ok,South America 100%,1041690,12038
South_America_-50_-5_-45_0,South America,South America,South America,1.0,0.828,ok,South America 100%,1267412,16199
South_America_-45_-5_-40_0,South America,South America,South America,1.0,0.475,ok,South America 100%,1099864,8369
South_America_-40_-5_-35_0,South America,South America,South America,1.0,0.139,ok,South America 100%,1160414,1032
South_America_-35_-5_-30_0,South America,,,0.0,0.0,ocean-no-land,,54,3
Atlantic_Ocean_-30_-5_-25_0,Atlantic Ocean,,,0.0,0.0,ocean-no-land,,0,0
Atlantic_Ocean_-25_-5_-20_0,Atlantic Ocean,,,0.0,0.0,ocean-no-land,,0,0
Africa_-20_-5_-15_0,Africa,,,0.0,0.0,ocean-no-land,,0,0
Africa_-15_-5_-10_0,Africa,,,0.0,0.0,ocean-no-land,,0,0
Africa_-10_-5_-5_0,Africa,,,0.0,0.0,ocean-no-land,,0,0
Africa_-5_-5_0_0,Africa,,,0.0,0.0,ocean-no-land,,0,0
Africa_0_-5_5_0,Africa,,,0.0,0.0,ocean-no-land,,0,0
Africa_5_-5_10_0,Africa,Africa,Africa,1.0,0.077,ok,Africa 100%,91,0
Africa_10_-5_15_0,Africa,Africa,Africa,1.0,0.901,ok,Africa 100%,167274,1707
Africa_15_-5_20_0,Africa,Africa,Africa,1.0,1.0,ok,Africa 100%,224439,1358
Africa_20_-5_25_0,Africa,Africa,Africa,1.0,1.0,ok,Africa 100%,656,19
Africa_25_-5_30_0,Africa,Africa,Africa,1.0,1.0,ok,Africa 100%,635570,8004
Africa_30_-5_35_0,Africa,Africa,Africa,1.0,1.0,ok,Africa 100%,391559,31383
Africa_35_-5_40_0,Africa,Africa,Africa,1.0,0.973,ok,Africa 100%,934003,68360
Africa_40_-5_45_0,Africa,Africa,Africa,1.0,0.187,ok,Africa 100%,20554,952
Africa_45_-5_50_0,Africa,,,0.0,0.0,ocean-no-land,,0,0
Africa_50_-5_55_0,Africa,,,0.0,0.0,ocean-no-land,,0,0
Indian_Ocean_55_-5_60_0,Indian Ocean,Africa,Seven seas (open ocean),1.0,0.001,ocean-label-kept,Africa 100%,102,0
Indian_Ocean_60_-5_65_0,Indian Ocean,,,0.0,0.0,ocean-no-land,,0,0
Indian_Ocean_65_-5_70_0,Indian Ocean,,,0.0,0.0,ocean-no-land,,0,0
Indian_Ocean_70_-5_75_0,Indian Ocean,,,0.0,0.0,ocean-no-land,,1968,8
Indian_Ocean_75_-5_80_0,Indian Ocean,,,0.0,0.0,ocean-no-land,,0,0
Pacific_Ocean_80_-5_85_0,Pacific Ocean,,,0.0,0.0,ocean-no-land,,0,0
Pacific_Ocean_85_-5_90_0,Pacific Ocean,,,0.0,0.0,ocean-no-land,,0,0
Southeast_Asia_90_-5_95_0,Southeast Asia,,,0.0,0.0,ocean-no-land,,0,0
Southeast_Asia_95_-5_100_0,Southeast Asia,Southeast Asia,Asia,1.0,0.02,ok,Southeast Asia 100%,178,0
Southeast_Asia_100_-5_105_0,Southeast Asia,Southeast Asia,Asia,1.0,0.655,ok,Southeast Asia 100%,770056,8269
Southeast_Asia_105_-5_110_0,Southeast Asia,Southeast Asia,Asia,1.0,0.178,ok,Southeast Asia 100%,3485,1
Southeast_Asia_110_-5_115_0,Southeast Asia,Southeast Asia,Asia,1.0,0.645,ok,Southeast Asia 100%,4486,1
Southeast_Asia_115_-5_120_0,Southeast Asia,Southeast Asia,Asia,1.0,0.389,ok,Southeast Asia 100%,83298,1250
Southeast_Asia_120_-5_125_0,Southeast Asia,Southeast Asia,Asia,1.0,0.31,ok,Southeast Asia 100%,6312,1
Southeast_Asia_125_-5_130_0,Southeast Asia,Southeast Asia,Asia,1.0,0.102,ok,Southeast Asia 100%,106,0
Southeast_Asia_130_-5_135_0,Southeast Asia,Southeast Asia,Asia,1.0,0.336,ok,Southeast Asia 100%,205,0
Southeast_Asia_135_-5_140_0,Southeast Asia,Southeast Asia,Asia,1.0,0.535,ok,Southeast Asia 100%,710,0
Southeast_Asia_140_-5_145_0,Southeast Asia,New Zealand & Pacific,Oceania,0.73,0.367,MISASSIGNED,New Zealand & Pacific 73%; Southeast Asia 27%,0,0
New_Zealand_and_Pacific_145_-5_150_0,New Zealand & Pacific,New Zealand & Pacific,Oceania,1.0,0.024,ok,New Zealand & Pacific 100%,26987,50
New_Zealand_and_Pacific_150_-5_155_0,New Zealand & Pacific,New Zealand & Pacific,Oceania,1.0,0.05,ok,New Zealand & Pacific 100%,45605,1197
New_Zealand_and_Pacific_155_-5_160_0,New Zealand & Pacific,,,0.0,0.0,ocean-no-land,,0,0
New_Zealand_and_Pacific_160_-5_165_0,New Zealand & Pacific,,,0.0,0.0,ocean-no-land,,0,0
New_Zealand_and_Pacific_165_-5_170_0,New Zealand & Pacific,New Zealand & Pacific,Oceania,1.0,0.0,ok,New Zealand & Pacific 100%,8781,496
New_Zealand_and_Pacific_170_-5_175_0,New Zealand & Pacific,New Zealand & Pacific,Oceania,1.0,0.0,ok,New Zealand & Pacific 100%,0,0
New_Zealand_and_Pacific_175_-5_180_0,New Zealand & Pacific,,,0.0,0.0,ocean-no-land,,50,0
Pacific_Ocean_-180_0_-175_5,Pacific Ocean,,,0.0,0.0,ocean-no-land,,0,0
Pacific_Ocean_-175_0_-170_5,Pacific Ocean,,,0.0,0.0,ocean-no-land,,0,0
Pacific_Ocean_-170_0_-165_5,Pacific Ocean,,,0.0,0.0,ocean-no-land,,0,0
Pacific_Ocean_-165_0_-160_5,Pacific Ocean,,,0.0,0.0,ocean-no-land,,0,0
Pacific_Ocean_-160_0_-155_5,Pacific Ocean,New Zealand & Pacific,Oceania,1.0,0.002,ocean-label-kept,New Zealand & Pacific 100%,0,0
Pacific_Ocean_-155_0_-150_5,Pacific Ocean,,,0.0,0.0,ocean-no-land,,0,0
Pacific_Ocean_-150_0_-145_5,Pacific Ocean,,,0.0,0.0,ocean-no-land,,0,0
Pacific_Ocean_-145_0_-140_5,Pacific Ocean,,,0.0,0.0,ocean-no-land,,0,0
Pacific_Ocean_-140_0_-135_5,Pacific Ocean,,,0.0,0.0,ocean-no-land,,0,0
Pacific_Ocean_-135_0_-130_5,Pacific Ocean,,,0.0,0.0,ocean-no-land,,0,0
Pacific_Ocean_-130_0_-125_5,Pacific Ocean,,,0.0,0.0,ocean-no-land,,0,0
Pacific_Ocean_-125_0_-120_5,Pacific Ocean,,,0.0,0.0,ocean-no-land,,0,0
Pacific_Ocean_-120_0_-115_5,Pacific Ocean,,,0.0,0.0,ocean-no-land,,0,0
Pacific_Ocean_-115_0_-110_5,Pacific Ocean,,,0.0,0.0,ocean-no-land,,0,0
Pacific_Ocean_-110_0_-105_5,Pacific Ocean,,,0.0,0.0,ocean-no-land,,0,0
Pacific_Ocean_-105_0_-100_5,Pacific Ocean,,,0.0,0.0,ocean-no-land,,0,0
Pacific_Ocean_-100_0_-95_5,Pacific Ocean,,,0.0,0.0,ocean-no-land,,0,0
Pacific_Ocean_-95_0_-90_5,Pacific Ocean,South America,South America,1.0,0.001,ocean-label-kept,South America 100%,0,0
Atlantic_Ocean_-90_0_-85_5,Atlantic Ocean,,,0.0,0.0,ocean-no-land,,16,0
South_America_-85_0_-80_5,South America,South America,South America,1.0,0.002,ok,South America 100%,250,0
South_America_-80_0_-75_5,South America,South America,South America,1.0,0.672,ok,South America 100%,4805333,63676
South_America_-75_0_-70_5,South America,South America,South America,1.0,1.0,ok,South America 100%,7916079,232270
South_America_-70_0_-65_5,South America,South America,South America,1.0,1.0,ok,South America 100%,7235,9
South_America_-65_0_-60_5,South America,South America,South America,1.0,1.0,ok,South America 100%,8413,49
South_America_-60_0_-55_5,South America,South America,South America,1.0,1.0,ok,South America 100%,6858,522
South_America_-55_0_-50_5,South America,South America,South America,1.0,0.836,ok,South America 100%,103393,27
South_America_-50_0_-45_5,South America,South America,South America,1.0,0.006,ok,South America 100%,0,0
South_America_-45_0_-40_5,South America,,,0.0,0.0,ocean-no-land,,0,0
South_America_-40_0_-35_5,South America,,,0.0,0.0,ocean-no-land,,0,0
South_America_-35_0_-30_5,South America,,,0.0,0.0,ocean-no-land,,0,0
Atlantic_Ocean_-30_0_-25_5,Atlantic Ocean,,,0.0,0.0,ocean-no-land,,0,0
Atlantic_Ocean_-25_0_-20_5,Atlantic Ocean,,,0.0,0.0,ocean-no-land,,0,0
Africa_-20_0_-15_5,Africa,,,0.0,0.0,ocean-no-land,,0,0
Africa_-15_0_-10_5,Africa,,,0.0,0.0,ocean-no-land,,0,0
Africa_-10_0_-5_5,Africa,Africa,Africa,1.0,0.042,ok,Africa 100%,501,0
Africa_-5_0_0_5,Africa,Africa,Africa,1.0,0.005,ok,Africa 100%,12037,142
Africa_0_0_5_5,Africa,,,0.0,0.0,ocean-no-land,,0,0
Africa_5_0_10_5,Africa,Africa,Africa,1.0,0.172,ok,Africa 100%,467328,1874
Africa_10_0_15_5,Africa,Africa,Africa,1.0,1.0,ok,Africa 100%,600126,2865
Africa_15_0_20_5,Africa,Africa,Africa,1.0,1.0,ok,Africa 100%,333497,3016
Africa_20_0_25_5,Africa,Africa,Africa,1.0,1.0,ok,Africa 100%,295484,2058
Africa_25_0_30_5,Africa,Africa,Africa,1.0,1.0,ok,Africa 100%,321906,2072
Africa_30_0_35_5,Africa,Africa,Africa,1.0,1.0,ok,Africa 100%,1264945,40147
Africa_35_0_40_5,Africa,Africa,Africa,1.0,1.0,ok,Africa 100%,135615,5904
Africa_40_0_45_5,Africa,Africa,Africa,1.0,0.914,ok,Africa 100%,55081,2338
Africa_45_0_50_5,Africa,Africa,Africa,1.0,0.242,ok,Africa 100%,37443,974
Africa_50_0_55_5,Africa,,,0.0,0.0,ocean-no-land,,0,0
Indian_Ocean_55_0_60_5,Indian Ocean,,,0.0,0.0,ocean-no-land,,0,0
Indian_Ocean_60_0_65_5,Indian Ocean,,,0.0,0.0,ocean-no-land,,0,0
Indian_Ocean_65_0_70_5,Indian Ocean,,,0.0,0.0,ocean-no-land,,0,0
Indian_Ocean_70_0_75_5,Indian Ocean,South Asia,Seven seas (open ocean),1.0,0.0,ocean-label-kept,South Asia 100%,0,0
Indian_Ocean_75_0_80_5,Indian Ocean,,,0.0,0.0,ocean-no-land,,0,0
Pacific_Ocean_80_0_85_5,Pacific Ocean,,,0.0,0.0,ocean-no-land,,0,0
Pacific_Ocean_85_0_90_5,Pacific Ocean,,,0.0,0.0,ocean-no-land,,0,0
Southeast_Asia_90_0_95_5,Southeast Asia,,,0.0,0.0,ocean-no-land,,0,0
Southeast_Asia_95_0_100_5,Southeast Asia,Southeast Asia,Asia,1.0,0.377,ok,Southeast Asia 100%,1294889,21106
Southeast_Asia_100_0_105_5,Southeast Asia,Southeast Asia,Asia,1.0,0.55,ok,Southeast Asia 100%,10176988,35016
Southeast_Asia_105_0_110_5,Southeast Asia,Southeast Asia,Asia,1.0,0.078,ok,Southeast Asia 100%,13577,1
Southeast_Asia_110_0_115_5,Southeast Asia,Southeast Asia,Asia,1.0,0.626,ok,Southeast Asia 100%,464597,181
Southeast_Asia_115_0_120_5,Southeast Asia,Southeast Asia,Asia,1.0,0.59,ok,Southeast Asia 100%,84140,961
Southeast_Asia_120_0_125_5,Southeast Asia,Southeast Asia,Asia,1.0,0.116,ok,Southeast Asia 100%,56602,779
Southeast_Asia_125_0_130_5,Southeast Asia,Southeast Asia,Asia,1.0,0.067,ok,Southeast Asia 100%,12468,71
Southeast_Asia_130_0_135_5,Southeast Asia,New Zealand & Pacific,Oceania,1.0,0.0,MISASSIGNED,New Zealand & Pacific 100%,0,0
Southeast_Asia_135_0_140_5,Southeast Asia,,,0.0,0.0,ocean-no-land,,0,0
Southeast_Asia_140_0_145_5,Southeast Asia,,,0.0,0.0,ocean-no-land,,0,0
New_Zealand_and_Pacific_145_0_150_5,New Zealand & Pacific,,,0.0,0.0,ocean-no-land,,0,0
New_Zealand_and_Pacific_150_0_155_5,New Zealand & Pacific,,,0.0,0.0,ocean-no-land,,0,0
New_Zealand_and_Pacific_155_0_160_5,New Zealand & Pacific,,,0.0,0.0,ocean-no-land,,0,0
New_Zealand_and_Pacific_160_0_165_5,New Zealand & Pacific,,,0.0,0.0,ocean-no-land,,0,0
New_Zealand_and_Pacific_165_0_170_5,New Zealand & Pacific,,,0.0,0.0,ocean-no-land,,0,0
New_Zealand_and_Pacific_170_0_175_5,New Zealand & Pacific,New Zealand & Pacific,Oceania,1.0,0.001,ok,New Zealand & Pacific 100%,6754,414
New_Zealand_and_Pacific_175_0_180_5,New Zealand & Pacific,,,0.0,0.0,ocean-no-land,,0,0
Pacific_Ocean_-180_5_-175_10,Pacific Ocean,,,0.0,0.0,ocean-no-land,,0,0
Pacific_Ocean_-175_5_-170_10,Pacific Ocean,,,0.0,0.0,ocean-no-land,,0,0
Pacific_Ocean_-170_5_-165_10,Pacific Ocean,,,0.0,0.0,ocean-no-land,,0,0
Pacific_Ocean_-165_5_-160_10,Pacific Ocean,,,0.0,0.0,ocean-no-land,,0,0
Pacific_Ocean_-160_5_-155_10,Pacific Ocean,,,0.0,0.0,ocean-no-land,,0,0
Pacific_Ocean_-155_5_-150_10,Pacific Ocean,,,0.0,0.0,ocean-no-land,,0,0
Pacific_Ocean_-150_5_-145_10,Pacific Ocean,,,0.0,0.0,ocean-no-land,,0,0
Pacific_Ocean_-145_5_-140_10,Pacific Ocean,,,0.0,0.0,ocean-no-land,,0,0
Pacific_Ocean_-140_5_-135_10,Pacific Ocean,,,0.0,0.0,ocean-no-land,,0,0
Pacific_Ocean_-135_5_-130_10,Pacific Ocean,,,0.0,0.0,ocean-no-land,,0,0
Pacific_Ocean_-130_5_-125_10,Pacific Ocean,,,0.0,0.0,ocean-no-land,,0,0
Pacific_Ocean_-125_5_-120_10,Pacific Ocean,,,0.0,0.0,ocean-no-land,,0,0
Central_America_and_Caribbean_-120_5_-115_10,Central America & Caribbean,,,0.0,0.0,ocean-no-land,,0,0
Central_America_and_Caribbean_-115_5_-110_10,Central America & Caribbean,,,0.0,0.0,ocean-no-land,,0,0
Central_America_and_Caribbean_-110_5_-105_10,Central America & Caribbean,,,0.0,0.0,ocean-no-land,,0,0
Central_America_and_Caribbean_-105_5_-100_10,Central America & Caribbean,,,0.0,0.0,ocean-no-land,,0,0
Central_America_and_Caribbean_-100_5_-95_10,Central America & Caribbean,,,0.0,0.0,ocean-no-land,,0,0
Central_America_and_Caribbean_-95_5_-90_10,Central America & Caribbean,,,0.0,0.0,ocean-no-land,,0,0
Central_America_and_Caribbean_-90_5_-85_10,Central America & Caribbean,Central America & Caribbean,North America,1.0,0.006,ok,Central America & Caribbean 100%,286596,5325
Central_America_and_Caribbean_-85_5_-80_10,Central America & Caribbean,Central America & Caribbean,North America,1.0,0.214,ok,Central America & Caribbean 100%,2098109,15197
Central_America_and_Caribbean_-80_5_-75_10,Central America & Caribbean,South America,South America,0.798,0.51,MISASSIGNED,South America 80%; Central America & Caribbean 20%,0,0
Central_America_and_Caribbean_-75_5_-70_10,Central America & Caribbean,South America,South America,1.0,0.97,MISASSIGNED,South America 100%,0,0
Central_America_and_Caribbean_-70_5_-65_10,Central America & Caribbean,South America,South America,1.0,1.0,MISASSIGNED,South America 100%,0,0
Central_America_and_Caribbean_-65_5_-60_10,Central America & Caribbean,South America,South America,1.0,0.929,MISASSIGNED,South America 100%,0,0
Central_America_and_Caribbean_-60_5_-55_10,Central America & Caribbean,South America,South America,1.0,0.347,MISASSIGNED,South America 100%,0,0
South_America_-55_5_-50_10,South America,South America,South America,1.0,0.066,ok,South America 100%,20301,7
South_America_-50_5_-45_10,South America,,,0.0,0.0,ocean-no-land,,0,0
South_America_-45_5_-40_10,South America,,,0.0,0.0,ocean-no-land,,0,0
South_America_-40_5_-35_10,South America,,,0.0,0.0,ocean-no-land,,0,0
South_America_-35_5_-30_10,South America,,,0.0,0.0,ocean-no-land,,0,0
Atlantic_Ocean_-30_5_-25_10,Atlantic Ocean,,,0.0,0.0,ocean-no-land,,0,0
Atlantic_Ocean_-25_5_-20_10,Atlantic Ocean,,,0.0,0.0,ocean-no-land,,0,0
Africa_-20_5_-15_10,Africa,,,0.0,0.0,ocean-no-land,,0,0
Africa_-15_5_-10_10,Africa,Africa,Africa,1.0,0.402,ok,Africa 100%,542940,9678
Africa_-10_5_-5_10,Africa,Africa,Africa,1.0,0.981,ok,Africa 100%,187424,1930
Africa_-5_5_0_10,Africa,Africa,Africa,1.0,0.965,ok,Africa 100%,1009141,14219
Africa_0_5_5_10,Africa,Africa,Africa,1.0,0.762,ok,Africa 100%,1438542,10550
Africa_5_5_10_10,Africa,Africa,Africa,1.0,0.99,ok,Africa 100%,509305,18902
Africa_10_5_15_10,Africa,Africa,Africa,1.0,1.0,ok,Africa 100%,267915,1607
Africa_15_5_20_10,Africa,Africa,Africa,1.0,1.0,ok,Africa 100%,226688,9306
Africa_20_5_25_10,Africa,Africa,Africa,1.0,1.0,ok,Africa 100%,2791,0
Africa_25_5_30_10,Africa,Africa,Africa,1.0,1.0,ok,Africa 100%,11460,48
Africa_30_5_35_10,Africa,Africa,Africa,1.0,1.0,ok,Africa 100%,130939,1403
Africa_35_5_40_10,Africa,Africa,Africa,1.0,1.0,ok,Africa 100%,868954,26405
Africa_40_5_45_10,Africa,Africa,Africa,1.0,1.0,ok,Africa 100%,258604,3708
Africa_45_5_50_10,Africa,Africa,Africa,1.0,0.897,ok,Africa 100%,283334,2744
Africa_50_5_55_10,Africa,Africa,Africa,1.0,0.041,ok,Africa 100%,0,0
Indian_Ocean_55_5_60_10,Indian Ocean,,,0.0,0.0,ocean-no-land,,0,0
South_Asia_60_5_65_10,South Asia,,,0.0,0.0,ocean-no-land,,0,0
South_Asia_65_5_70_10,South Asia,,,0.0,0.0,ocean-no-land,,0,0
South_Asia_70_5_75_10,South Asia,South Asia,Seven seas (open ocean),1.0,0.0,ok,South Asia 100%,0,0
South_Asia_75_5_80_10,South Asia,South Asia,Asia,1.0,0.161,ok,South Asia 100%,1635097,6943
South_Asia_80_5_85_10,South Asia,South Asia,Asia,1.0,0.199,ok,South Asia 100%,506620,4481
South_Asia_85_5_90_10,South Asia,,,0.0,0.0,ocean-no-land,,0,0
South_Asia_90_5_95_10,South Asia,South Asia,Seven seas (open ocean),1.0,0.005,ok,South Asia 100%,0,0
South_Asia_95_5_100_10,South Asia,Southeast Asia,Asia,1.0,0.168,taxonomy,Southeast Asia 100%,423037,1537
Southeast_Asia_100_5_105_10,Southeast Asia,Southeast Asia,Asia,1.0,0.2,ok,Southeast Asia 100%,1757995,2553
Southeast_Asia_105_5_110_10,Southeast Asia,Southeast Asia,Asia,1.0,0.05,ok,Southeast Asia 100%,43685,1304
Southeast_Asia_110_5_115_10,Southeast Asia,Southeast Asia,Asia,1.0,0.0,ok,Southeast Asia 100%,22034,0
Southeast_Asia_115_5_120_10,Southeast Asia,Southeast Asia,Asia,1.0,0.184,ok,Southeast Asia 100%,47412,68
Southeast_Asia_120_5_125_10,Southeast Asia,Southeast Asia,Asia,1.0,0.198,ok,Southeast Asia 100%,193295,6620
Southeast_Asia_125_5_130_10,Southeast Asia,Southeast Asia,Asia,1.0,0.159,ok,Southeast Asia 100%,3559604,51109
Southeast_Asia_130_5_135_10,Southeast Asia,New Zealand & Pacific,Oceania,1.0,0.001,MISASSIGNED,New Zealand & Pacific 100%,0,0
Southeast_Asia_135_5_140_10,Southeast Asia,New Zealand & Pacific,Oceania,1.0,0.0,MISASSIGNED,New Zealand & Pacific 100%,25530,172
Southeast_Asia_140_5_145_10,Southeast Asia,,,0.0,0.0,ocean-no-land,,0,0
New_Zealand_and_Pacific_145_5_150_10,New Zealand & Pacific,,,0.0,0.0,ocean-no-land,,0,0
New_Zealand_and_Pacific_150_5_155_10,New Zealand & Pacific,New Zealand & Pacific,Oceania,1.0,0.0,ok,New Zealand & Pacific 100%,27696,399
New_Zealand_and_Pacific_155_5_160_10,New Zealand & Pacific,New Zealand & Pacific,Oceania,1.0,0.001,ok,New Zealand & Pacific 100%,111158,2289
New_Zealand_and_Pacific_160_5_165_10,New Zealand & Pacific,New Zealand & Pacific,Oceania,1.0,0.0,ok,New Zealand & Pacific 100%,77231,1783
New_Zealand_and_Pacific_165_5_170_10,New Zealand & Pacific,New Zealand & Pacific,Oceania,1.0,0.0,ok,New Zealand & Pacific 100%,0,0
New_Zealand_and_Pacific_170_5_175_10,New Zealand & Pacific,New Zealand & Pacific,Oceania,1.0,0.0,ok,New Zealand & Pacific 100%,6797,618
New_Zealand_and_Pacific_175_5_180_10,New Zealand & Pacific,,,0.0,0.0,ocean-no-land,,0,0
Pacific_Ocean_-180_10_-175_15,Pacific Ocean,,,0.0,0.0,ocean-no-land,,0,0
Pacific_Ocean_-175_10_-170_15,Pacific Ocean,,,0.0,0.0,ocean-no-land,,0,0
Pacific_Ocean_-170_10_-165_15,Pacific Ocean,,,0.0,0.0,ocean-no-land,,0,0
Pacific_Ocean_-165_10_-160_15,Pacific Ocean,,,0.0,0.0,ocean-no-land,,0,0
Pacific_Ocean_-160_10_-155_15,Pacific Ocean,,,0.0,0.0,ocean-no-land,,0,0
Pacific_Ocean_-155_10_-150_15,Pacific Ocean,,,0.0,0.0,ocean-no-land,,0,0
Pacific_Ocean_-150_10_-145_15,Pacific Ocean,,,0.0,0.0,ocean-no-land,,0,0
Pacific_Ocean_-145_10_-140_15,Pacific Ocean,,,0.0,0.0,ocean-no-land,,0,0
Pacific_Ocean_-140_10_-135_15,Pacific Ocean,,,0.0,0.0,ocean-no-land,,0,0
Pacific_Ocean_-135_10_-130_15,Pacific Ocean,,,0.0,0.0,ocean-no-land,,0,0
Pacific_Ocean_-130_10_-125_15,Pacific Ocean,,,0.0,0.0,ocean-no-land,,0,0
Pacific_Ocean_-125_10_-120_15,Pacific Ocean,,,0.0,0.0,ocean-no-land,,0,0
Central_America_and_Caribbean_-120_10_-115_15,Central America & Caribbean,,,0.0,0.0,ocean-no-land,,0,0
Central_America_and_Caribbean_-115_10_-110_15,Central America & Caribbean,,,0.0,0.0,ocean-no-land,,0,0
Central_America_and_Caribbean_-110_10_-105_15,Central America & Caribbean,,,0.0,0.0,ocean-no-land,,0,0
Central_America_and_Caribbean_-105_10_-100_15,Central America & Caribbean,,,0.0,0.0,ocean-no-land,,0,0
Central_America_and_Caribbean_-100_10_-95_15,Central America & Caribbean,,,0.0,0.0,ocean-no-land,,0,0
Central_America_and_Caribbean_-95_10_-90_15,Central America & Caribbean,Central America & Caribbean,North America,1.0,0.092,ok,Central America & Caribbean 100%,3751191,20261
Central_America_and_Caribbean_-90_10_-85_15,Central America & Caribbean,Central America & Caribbean,North America,1.0,0.526,ok,Central America & Caribbean 100%,8426895,98570
Central_America_and_Caribbean_-85_10_-80_15,Central America & Caribbean,Central America & Caribbean,North America,1.0,0.295,ok,Central America & Caribbean 100%,1040420,11356
Central_America_and_Caribbean_-80_10_-75_15,Central America & Caribbean,South America,South America,1.0,0.017,MISASSIGNED,South America 100%,0,0
Central_America_and_Caribbean_-75_10_-70_15,Central America & Caribbean,South America,South America,0.999,0.278,MISASSIGNED,South America 100%; Central America & Caribbean 0%,0,0
Central_America_and_Caribbean_-70_10_-65_15,Central America & Caribbean,South America,South America,0.985,0.162,MISASSIGNED,South America 98%; Central America & Caribbean 2%,0,0
Central_America_and_Caribbean_-65_10_-60_15,Central America & Caribbean,South America,South America,0.692,0.078,MISASSIGNED,South America 69%; Central America & Caribbean 31%,0,0
Central_America_and_Caribbean_-60_10_-55_15,Central America & Caribbean,Central America & Caribbean,North America,1.0,0.001,ok,Central America & Caribbean 100%,105347,141
South_America_-55_10_-50_15,South America,,,0.0,0.0,ocean-no-land,,0,0
South_America_-50_10_-45_15,South America,,,0.0,0.0,ocean-no-land,,0,0
South_America_-45_10_-40_15,South America,,,0.0,0.0,ocean-no-land,,0,0
South_America_-40_10_-35_15,South America,,,0.0,0.0,ocean-no-land,,0,0
South_America_-35_10_-30_15,South America,,,0.0,0.0,ocean-no-land,,0,0
Atlantic_Ocean_-30_10_-25_15,Atlantic Ocean,,,0.0,0.0,ocean-no-land,,0,0
Atlantic_Ocean_-25_10_-20_15,Atlantic Ocean,Africa,Africa,1.0,0.002,ocean-label-kept,Africa 100%,31351,149
Africa_-20_10_-15_15,Africa,Africa,Africa,1.0,0.233,ok,Africa 100%,717732,54521
Africa_-15_10_-10_15,Africa,Africa,Africa,1.0,0.981,ok,Africa 100%,141762,1761
Africa_-10_10_-5_15,Africa,Africa,Africa,1.0,1.0,ok,Africa 100%,594024,10740
Africa_-5_10_0_15,Africa,Africa,Africa,1.0,1.0,ok,Africa 100%,624131,15178
Africa_0_10_5_15,Africa,Africa,Africa,1.0,1.0,ok,Africa 100%,811320,14379
Africa_5_10_10_15,Africa,Africa,Africa,1.0,1.0,ok,Africa 100%,975502,21186
Africa_10_10_15_15,Africa,Africa,Africa,1.0,1.0,ok,Africa 100%,881952,20511
Africa_15_10_20_15,Africa,Africa,Africa,1.0,1.0,ok,Africa 100%,1047033,28579
Africa_20_10_25_15,Africa,Africa,Africa,1.0,1.0,ok,Africa 100%,773522,15363
Africa_25_10_30_15,Africa,Africa,Africa,1.0,1.0,ok,Africa 100%,683561,6857
Africa_30_10_35_15,Africa,Africa,Africa,1.0,1.0,ok,Africa 100%,689709,7002
Africa_35_10_40_15,Africa,Africa,Africa,1.0,1.0,ok,Africa 100%,846580,10966
Africa_40_10_45_15,Africa,Africa,Africa,0.773,0.737,ok,Africa 77%; Middle East 23%,621885,5903
Africa_45_10_50_15,Africa,Middle East,Asia,0.527,0.445,straddles,Middle East 53%; Africa 47%,682457,6745
Africa_50_10_55_15,Africa,Africa,Africa,0.852,0.092,ok,Africa 85%; Middle East 15%,14978,492
Middle_East_55_10_60_15,Middle East,,,0.0,0.0,ocean-no-land,,0,0
Middle_East_60_10_65_15,Middle East,,,0.0,0.0,ocean-no-land,,0,0
South_Asia_65_10_70_15,South Asia,,,0.0,0.0,ocean-no-land,,0,0
South_Asia_70_10_75_15,South Asia,South Asia,Asia,1.0,0.042,ok,South Asia 100%,414819,2354
South_Asia_75_10_80_15,South Asia,South Asia,Asia,1.0,0.91,ok,South Asia 100%,3760869,17782
South_Asia_80_10_85_15,South Asia,South Asia,Asia,1.0,0.021,ok,South Asia 100%,562280,4200
South_Asia_85_10_90_15,South Asia,,,0.0,0.0,ocean-no-land,,0,0
South_Asia_90_10_95_15,South Asia,South Asia,Seven seas (open ocean),1.0,0.017,ok,South Asia 100%,340811,2215
South_Asia_95_10_100_15,South Asia,Southeast Asia,Asia,1.0,0.275,taxonomy,Southeast Asia 100%,2861173,9238
Southeast_Asia_100_10_105_15,Southeast Asia,Southeast Asia,Asia,1.0,0.625,ok,Southeast Asia 100%,34306533,455839
Southeast_Asia_105_10_110_15,Southeast Asia,Southeast Asia,Asia,1.0,0.759,ok,Southeast Asia 100%,14001884,321086
Southeast_Asia_110_10_115_15,Southeast Asia,,,0.0,0.0,ocean-no-land,,0,0
Southeast_Asia_115_10_120_15,Southeast Asia,Southeast Asia,Asia,1.0,0.02,ok,Southeast Asia 100%,3423,0
Southeast_Asia_120_10_125_15,Southeast Asia,Southeast Asia,Asia,1.0,0.277,ok,Southeast Asia 100%,13810895,135527
Southeast_Asia_125_10_130_15,Southeast Asia,Southeast Asia,Asia,1.0,0.034,ok,Southeast Asia 100%,117679,490
Southeast_Asia_130_10_135_15,Southeast Asia,,,0.0,0.0,ocean-no-land,,0,0
Southeast_Asia_135_10_140_15,Southeast Asia,,,0.0,0.0,ocean-no-land,,0,0
Southeast_Asia_140_10_145_15,Southeast Asia,New Zealand & Pacific,Oceania,1.0,0.002,MISASSIGNED,New Zealand & Pacific 100%,0,0
New_Zealand_and_Pacific_145_10_150_15,New Zealand & Pacific,New Zealand & Pacific,Oceania,1.0,0.0,ok,New Zealand & Pacific 100%,0,0
New_Zealand_and_Pacific_150_10_155_15,New Zealand & Pacific,,,0.0,0.0,ocean-no-land,,0,0
New_Zealand_and_Pacific_155_10_160_15,New Zealand & Pacific,,,0.0,0.0,ocean-no-land,,0,0
New_Zealand_and_Pacific_160_10_165_15,New Zealand & Pacific,,,0.0,0.0,ocean-no-land,,0,0
New_Zealand_and_Pacific_165_10_170_15,New Zealand & Pacific,New Zealand & Pacific,Oceania,1.0,0.0,ok,New Zealand & Pacific 100%,0,0
New_Zealand_and_Pacific_170_10_175_15,New Zealand & Pacific,,,0.0,0.0,ocean-no-land,,0,0
New_Zealand_and_Pacific_175_10_180_15,New Zealand & Pacific,,,0.0,0.0,ocean-no-land,,0,0
Pacific_Ocean_-180_15_-175_20,Pacific Ocean,,,0.0,0.0,ocean-no-land,,0,0
Pacific_Ocean_-175_15_-170_20,Pacific Ocean,,,0.0,0.0,ocean-no-land,,0,0
Pacific_Ocean_-170_15_-165_20,Pacific Ocean,,,0.0,0.0,ocean-no-land,,0,0
Pacific_Ocean_-165_15_-160_20,Pacific Ocean,,,0.0,0.0,ocean-no-land,,0,0
Pacific_Ocean_-160_15_-155_20,Pacific Ocean,New Zealand & Pacific,Oceania,1.0,0.031,ocean-label-kept,New Zealand & Pacific 100%,487600,12098
Pacific_Ocean_-155_15_-150_20,Pacific Ocean,New Zealand & Pacific,Oceania,1.0,0.002,ocean-label-kept,New Zealand & Pacific 100%,52220,1207
Pacific_Ocean_-150_15_-145_20,Pacific Ocean,,,0.0,0.0,ocean-no-land,,0,0
Pacific_Ocean_-145_15_-140_20,Pacific Ocean,,,0.0,0.0,ocean-no-land,,0,0
Pacific_Ocean_-140_15_-135_20,Pacific Ocean,,,0.0,0.0,ocean-no-land,,0,0
Pacific_Ocean_-135_15_-130_20,Pacific Ocean,,,0.0,0.0,ocean-no-land,,0,0
Pacific_Ocean_-130_15_-125_20,Pacific Ocean,,,0.0,0.0,ocean-no-land,,0,0
Pacific_Ocean_-125_15_-120_20,Pacific Ocean,,,0.0,0.0,ocean-no-land,,0,0
Central_America_and_Caribbean_-120_15_-115_20,Central America & Caribbean,,,0.0,0.0,ocean-no-land,,0,0
Central_America_and_Caribbean_-115_15_-110_20,Central America & Caribbean,Central America & Caribbean,North America,1.0,0.0,ok,Central America & Caribbean 100%,0,0
Central_America_and_Caribbean_-110_15_-105_20,Central America & Caribbean,Central America & Caribbean,North America,1.0,0.006,ok,Central America & Caribbean 100%,570,0
Central_America_and_Caribbean_-105_15_-100_20,Central America & Caribbean,Central America & Caribbean,North America,1.0,0.387,ok,Central America & Caribbean 100%,1505854,458
Central_America_and_Caribbean_-100_15_-95_20,Central America & Caribbean,Central America & Caribbean,North America,1.0,0.709,ok,Central America & Caribbean 100%,17551301,55650
Central_America_and_Caribbean_-95_15_-90_20,Central America & Caribbean,Central America & Caribbean,North America,1.0,0.671,ok,Central America & Caribbean 100%,2619879,32925
Central_America_and_Caribbean_-90_15_-85_20,Central America & Caribbean,Central America & Caribbean,North America,1.0,0.49,ok,Central America & Caribbean 100%,1545296,8963
Central_America_and_Caribbean_-85_15_-80_20,Central America & Caribbean,Central America & Caribbean,North America,1.0,0.043,ok,Central America & Caribbean 100%,223875,10270
Central_America_and_Caribbean_-80_15_-75_20,Central America & Caribbean,Central America & Caribbean,North America,1.0,0.045,ok,Central America & Caribbean 100%,92393,2378
Central_America_and_Caribbean_-75_15_-70_20,Central America & Caribbean,Central America & Caribbean,North America,1.0,0.211,ok,Central America & Caribbean 100%,574873,5128
Central_America_and_Caribbean_-70_15_-65_20,Central America & Caribbean,Central America & Caribbean,North America,1.0,0.077,ok,Central America & Caribbean 100%,648306,7374
Central_America_and_Caribbean_-65_15_-60_20,Central America & Caribbean,Central America & Caribbean,North America,1.0,0.012,ok,Central America & Caribbean 100%,1246983,19158
Central_America_and_Caribbean_-60_15_-55_20,Central America & Caribbean,,,0.0,0.0,ocean-no-land,,0,0
Atlantic_Ocean_-55_15_-50_20,Atlantic Ocean,,,0.0,0.0,ocean-no-land,,0,0
Atlantic_Ocean_-50_15_-45_20,Atlantic Ocean,,,0.0,0.0,ocean-no-land,,0,0
Atlantic_Ocean_-45_15_-40_20,Atlantic Ocean,,,0.0,0.0,ocean-no-land,,0,0
Atlantic_Ocean_-40_15_-35_20,Atlantic Ocean,,,0.0,0.0,ocean-no-land,,0,0
Atlantic_Ocean_-35_15_-30_20,Atlantic Ocean,,,0.0,0.0,ocean-no-land,,0,0
Atlantic_Ocean_-30_15_-25_20,Atlantic Ocean,Africa,Africa,1.0,0.003,ocean-label-kept,Africa 100%,35664,486
Atlantic_Ocean_-25_15_-20_20,Atlantic Ocean,Africa,Africa,1.0,0.007,ocean-label-kept,Africa 100%,57123,640
Africa_-20_15_-15_20,Africa,Africa,Africa,1.0,0.271,ok,Africa 100%,220745,6329
Africa_-15_15_-10_20,Africa,Africa,Africa,1.0,1.0,ok,Africa 100%,76167,7071
Africa_-10_15_-5_20,Africa,Africa,Africa,1.0,1.0,ok,Africa 100%,26,0
Africa_-5_15_0_20,Africa,Africa,Africa,1.0,1.0,ok,Africa 100%,93277,1264
Africa_0_15_5_20,Africa,Africa,Africa,1.0,1.0,ok,Africa 100%,245984,1172
Africa_5_15_10_20,Africa,Africa,Africa,1.0,1.0,ok,Africa 100%,428599,11406
Africa_10_15_15_20,Africa,Africa,Africa,1.0,1.0,ok,Africa 100%,244737,1211
Africa_15_15_20_20,Africa,Africa,Africa,1.0,1.0,ok,Africa 100%,241604,1260
Africa_20_15_25_20,Africa,Africa,Africa,1.0,1.0,ok,Africa 100%,245977,1230
Africa_25_15_30_20,Africa,Africa,Africa,1.0,1.0,ok,Africa 100%,243621,1210
Africa_30_15_35_20,Africa,Africa,Africa,1.0,1.0,ok,Africa 100%,250043,1220
Africa_35_15_40_20,Africa,Africa,Africa,1.0,0.717,ok,Africa 100%,246878,1229
Africa_40_15_45_20,Africa,Middle East,Asia,0.994,0.61,MISASSIGNED,Middle East 99%; Africa 1%,0,0
Africa_45_15_50_20,Africa,Middle East,Asia,1.0,1.0,MISASSIGNED,Middle East 100%,0,0
Africa_50_15_55_20,Africa,Middle East,Asia,1.0,0.784,MISASSIGNED,Middle East 100%,0,0
Middle_East_55_15_60_20,Middle East,Middle East,Asia,1.0,0.195,ok,Middle East 100%,105269,636
Middle_East_60_15_65_20,Middle East,,,0.0,0.0,ocean-no-land,,0,0
South_Asia_65_15_70_20,South Asia,,,0.0,0.0,ocean-no-land,,0,0
South_Asia_70_15_75_20,South Asia,South Asia,Asia,1.0,0.359,ok,South Asia 100%,1468059,14542
South_Asia_75_15_80_20,South Asia,South Asia,Asia,1.0,1.0,ok,South Asia 100%,2000546,4129
South_Asia_80_15_85_20,South Asia,South Asia,Asia,1.0,0.574,ok,South Asia 100%,1028038,30308
South_Asia_85_15_90_20,South Asia,South Asia,Asia,1.0,0.014,ok,South Asia 100%,1347,30
South_Asia_90_15_95_20,South Asia,Southeast Asia,Asia,1.0,0.13,taxonomy,Southeast Asia 100%,67905,655
South_Asia_95_15_100_20,South Asia,Southeast Asia,Asia,1.0,0.848,taxonomy,Southeast Asia 100%,6368855,22176
Southeast_Asia_100_15_105_20,Southeast Asia,Southeast Asia,Asia,1.0,1.0,ok,Southeast Asia 100%,9705629,88332
Southeast_Asia_105_15_110_20,Southeast Asia,Southeast Asia,Asia,0.839,0.47,ok,Southeast Asia 84%; East Asia 16%,1336917,18123
Southeast_Asia_110_15_115_20,Southeast Asia,East Asia,Asia,1.0,0.039,taxonomy,East Asia 100%,60149,344
Southeast_Asia_115_15_120_20,Southeast Asia,Southeast Asia,Asia,1.0,0.005,ok,Southeast Asia 100%,6320,139
Southeast_Asia_120_15_125_20,Southeast Asia,Southeast Asia,Asia,1.0,0.245,ok,Southeast Asia 100%,1723931,16045
Southeast_Asia_125_15_130_20,Southeast Asia,,,0.0,0.0,ocean-no-land,,0,0
Southeast_Asia_130_15_135_20,Southeast Asia,,,0.0,0.0,ocean-no-land,,0,0
Southeast_Asia_135_15_140_20,Southeast Asia,,,0.0,0.0,ocean-no-land,,0,0
Southeast_Asia_140_15_145_20,Southeast Asia,,,0.0,0.0,ocean-no-land,,0,0
New_Zealand_and_Pacific_145_15_150_20,New Zealand & Pacific,New Zealand & Pacific,Oceania,1.0,0.001,ok,New Zealand & Pacific 100%,1,0
New_Zealand_and_Pacific_150_15_155_20,New Zealand & Pacific,,,0.0,0.0,ocean-no-land,,0,0
New_Zealand_and_Pacific_155_15_160_20,New Zealand & Pacific,,,0.0,0.0,ocean-no-land,,0,0
New_Zealand_and_Pacific_160_15_165_20,New Zealand & Pacific,,,0.0,0.0,ocean-no-land,,0,0
New_Zealand_and_Pacific_165_15_170_20,New Zealand & Pacific,,,0.0,0.0,ocean-no-land,,0,0
New_Zealand_and_Pacific_170_15_175_20,New Zealand & Pacific,,,0.0,0.0,ocean-no-land,,0,0
New_Zealand_and_Pacific_175_15_180_20,New Zealand & Pacific,,,0.0,0.0,ocean-no-land,,0,0
Pacific_Ocean_-180_20_-175_25,Pacific Ocean,,,0.0,0.0,ocean-no-land,,0,0
Pacific_Ocean_-175_20_-170_25,Pacific Ocean,,,0.0,0.0,ocean-no-land,,0,0
Pacific_Ocean_-170_20_-165_25,Pacific Ocean,,,0.0,0.0,ocean-no-land,,0,0
Pacific_Ocean_-165_20_-160_25,Pacific Ocean,New Zealand & Pacific,Oceania,1.0,0.001,ocean-label-kept,New Zealand & Pacific 100%,0,0
Pacific_Ocean_-160_20_-155_25,Pacific Ocean,New Zealand & Pacific,Oceania,1.0,0.023,ocean-label-kept,New Zealand & Pacific 100%,1688431,23117
Pacific_Ocean_-155_20_-150_25,Pacific Ocean,,,0.0,0.0,ocean-no-land,,0,0
Pacific_Ocean_-150_20_-145_25,Pacific Ocean,,,0.0,0.0,ocean-no-land,,0,0
Pacific_Ocean_-145_20_-140_25,Pacific Ocean,,,0.0,0.0,ocean-no-land,,0,0
Pacific_Ocean_-140_20_-135_25,Pacific Ocean,,,0.0,0.0,ocean-no-land,,0,0
Pacific_Ocean_-135_20_-130_25,Pacific Ocean,,,0.0,0.0,ocean-no-land,,0,0
Pacific_Ocean_-130_20_-125_25,Pacific Ocean,,,0.0,0.0,ocean-no-land,,0,0
Pacific_Ocean_-125_20_-120_25,Pacific Ocean,,,0.0,0.0,ocean-no-land,,0,0
Central_America_and_Caribbean_-120_20_-115_25,Central America & Caribbean,,,0.0,0.0,ocean-no-land,,0,0
Central_America_and_Caribbean_-115_20_-110_25,Central America & Caribbean,Central America & Caribbean,North America,1.0,0.061,ok,Central America & Caribbean 100%,23473,2
Central_America_and_Caribbean_-110_20_-105_25,Central America & Caribbean,Central America & Caribbean,North America,1.0,0.257,ok,Central America & Caribbean 100%,196719,189
Central_America_and_Caribbean_-105_20_-100_25,Central America & Caribbean,Central America & Caribbean,North America,1.0,1.0,ok,Central America & Caribbean 100%,9604183,9493
Central_America_and_Caribbean_-100_20_-95_25,Central America & Caribbean,Central America & Caribbean,North America,1.0,0.494,ok,Central America & Caribbean 100%,1552190,8097
Central_America_and_Caribbean_-95_20_-90_25,Central America & Caribbean,Central America & Caribbean,North America,1.0,0.02,ok,Central America & Caribbean 100%,3003,0
Central_America_and_Caribbean_-90_20_-85_25,Central America & Caribbean,Central America & Caribbean,North America,1.0,0.173,ok,Central America & Caribbean 100%,1603056,1413
Central_America_and_Caribbean_-85_20_-80_25,Central America & Caribbean,Central America & Caribbean,North America,0.995,0.139,ok,Central America & Caribbean 100%; North America 0%,436889,890
Central_America_and_Caribbean_-80_20_-75_25,Central America & Caribbean,Central America & Caribbean,North America,1.0,0.242,ok,Central America & Caribbean 100%,98979,318
Central_America_and_Caribbean_-75_20_-70_25,Central America & Caribbean,Central America & Caribbean,North America,1.0,0.026,ok,Central America & Caribbean 100%,284028,5376
Central_America_and_Caribbean_-70_20_-65_25,Central America & Caribbean,,,0.0,0.0,ocean-no-land,,0,0
Central_America_and_Caribbean_-65_20_-60_25,Central America & Caribbean,,,0.0,0.0,ocean-no-land,,0,0
Central_America_and_Caribbean_-60_20_-55_25,Central America & Caribbean,,,0.0,0.0,ocean-no-land,,0,0
Atlantic_Ocean_-55_20_-50_25,Atlantic Ocean,,,0.0,0.0,ocean-no-land,,0,0
Atlantic_Ocean_-50_20_-45_25,Atlantic Ocean,,,0.0,0.0,ocean-no-land,,0,0
Atlantic_Ocean_-45_20_-40_25,Atlantic Ocean,,,0.0,0.0,ocean-no-land,,0,0
Atlantic_Ocean_-40_20_-35_25,Atlantic Ocean,,,0.0,0.0,ocean-no-land,,0,0
Atlantic_Ocean_-35_20_-30_25,Atlantic Ocean,,,0.0,0.0,ocean-no-land,,0,0
Atlantic_Ocean_-30_20_-25_25,Atlantic Ocean,,,0.0,0.0,ocean-no-land,,0,0
Atlantic_Ocean_-25_20_-20_25,Atlantic Ocean,,,0.0,0.0,ocean-no-land,,0,0
Africa_-20_20_-15_25,Africa,Africa,Africa,1.0,0.245,ok,Africa 100%,540,11
Africa_-15_20_-10_25,Africa,Africa,Africa,1.0,0.998,ok,Africa 100%,27,0
Africa_-10_20_-5_25,Africa,Africa,Africa,1.0,1.0,ok,Africa 100%,0,0
Africa_-5_20_0_25,Africa,Africa,Africa,1.0,1.0,ok,Africa 100%,5140,6
Africa_0_20_5_25,Africa,Africa,Africa,1.0,1.0,ok,Africa 100%,28672,63
Africa_5_20_10_25,Africa,Africa,Africa,1.0,1.0,ok,Africa 100%,287,0
Africa_10_20_15_25,Africa,Africa,Africa,1.0,1.0,ok,Africa 100%,111,0
Africa_15_20_20_25,Africa,Africa,Africa,1.0,1.0,ok,Africa 100%,4943,6
Africa_20_20_25_25,Africa,Africa,Africa,1.0,1.0,ok,Africa 100%,0,0
Africa_25_20_30_25,Africa,Africa,Africa,1.0,1.0,ok,Africa 100%,2,0
Africa_30_20_35_25,Africa,Africa,Africa,1.0,1.0,ok,Africa 100%,3735,323
Africa_35_20_40_25,Africa,Africa,Africa,0.507,0.497,ok,Africa 51%; Middle East 49%,226120,564
Africa_40_20_45_25,Africa,Middle East,Asia,1.0,0.997,MISASSIGNED,Middle East 100%,0,0
Africa_45_20_50_25,Africa,Middle East,Asia,1.0,1.0,MISASSIGNED,Middle East 100%,0,0
Africa_50_20_55_25,Africa,Middle East,Asia,1.0,0.889,MISASSIGNED,Middle East 100%,0,0
Middle_East_55_20_60_25,Middle East,Middle East,Asia,1.0,0.693,ok,Middle East 100%,1966353,6458
Middle_East_60_20_65_25,Middle East,,,0.0,0.0,ocean-no-land,,0,0
South_Asia_65_20_70_25,South Asia,South Asia,Asia,1.0,0.213,ok,South Asia 100%,1639219,10292
South_Asia_70_20_75_25,South Asia,South Asia,Asia,1.0,0.864,ok,South Asia 100%,686084,61182
South_Asia_75_20_80_25,South Asia,South Asia,Asia,1.0,1.0,ok,South Asia 100%,1328392,174381
South_Asia_80_20_85_25,South Asia,South Asia,Asia,1.0,1.0,ok,South Asia 100%,191747,29439
South_Asia_85_20_90_25,South Asia,South Asia,Asia,1.0,0.777,ok,South Asia 100%,730976,9900
South_Asia_90_20_95_25,South Asia,South Asia,Asia,0.541,0.784,ok,South Asia 54%; Southeast Asia 46%,1801545,31694
South_Asia_95_20_100_25,South Asia,Southeast Asia,Asia,0.837,1.0,taxonomy,Southeast Asia 84%; East Asia 16%,340961,3382
Southeast_Asia_100_20_105_25,Southeast Asia,East Asia,Asia,0.547,1.0,straddles,East Asia 55%; Southeast Asia 45%,436333,4906
Southeast_Asia_105_20_110_25,Southeast Asia,East Asia,Asia,0.72,0.817,taxonomy,East Asia 72%; Southeast Asia 28%,11550327,163533
Southeast_Asia_110_20_115_25,Southeast Asia,East Asia,Asia,1.0,0.629,taxonomy,East Asia 100%,730325,1145
Southeast_Asia_115_20_120_25,Southeast Asia,East Asia,Asia,1.0,0.222,taxonomy,East Asia 100%,108918,230
Southeast_Asia_120_20_125_25,Southeast Asia,East Asia,Asia,0.995,0.124,taxonomy,East Asia 100%; Southeast Asia 0%,7423870,27649
Southeast_Asia_125_20_130_25,Southeast Asia,East Asia,Asia,1.0,0.001,taxonomy,East Asia 100%,3,0
Southeast_Asia_130_20_135_25,Southeast Asia,,,0.0,0.0,ocean-no-land,,0,0
Southeast_Asia_135_20_140_25,Southeast Asia,,,0.0,0.0,ocean-no-land,,0,0
Southeast_Asia_140_20_145_25,Southeast Asia,,,0.0,0.0,ocean-no-land,,0,0
New_Zealand_and_Pacific_145_20_150_25,New Zealand & Pacific,,,0.0,0.0,ocean-no-land,,0,0
New_Zealand_and_Pacific_150_20_155_25,New Zealand & Pacific,,,0.0,0.0,ocean-no-land,,0,0
New_Zealand_and_Pacific_155_20_160_25,New Zealand & Pacific,,,0.0,0.0,ocean-no-land,,0,0
New_Zealand_and_Pacific_160_20_165_25,New Zealand & Pacific,,,0.0,0.0,ocean-no-land,,0,0
New_Zealand_and_Pacific_165_20_170_25,New Zealand & Pacific,,,0.0,0.0,ocean-no-land,,0,0
New_Zealand_and_Pacific_170_20_175_25,New Zealand & Pacific,,,0.0,0.0,ocean-no-land,,0,0
New_Zealand_and_Pacific_175_20_180_25,New Zealand & Pacific,,,0.0,0.0,ocean-no-land,,0,0
Pacific_Ocean_-180_25_-175_30,Pacific Ocean,,,0.0,0.0,ocean-no-land,,0,0
Pacific_Ocean_-175_25_-170_30,Pacific Ocean,,,0.0,0.0,ocean-no-land,,0,0
North_America_-170_25_-165_30,North America,,,0.0,0.0,ocean-no-land,,0,0
North_America_-165_25_-160_30,North America,,,0.0,0.0,ocean-no-land,,0,0
North_America_-160_25_-155_30,North America,,,0.0,0.0,ocean-no-land,,0,0
North_America_-155_25_-150_30,North America,,,0.0,0.0,ocean-no-land,,0,0
North_America_-150_25_-145_30,North America,,,0.0,0.0,ocean-no-land,,0,0
North_America_-145_25_-140_30,North America,,,0.0,0.0,ocean-no-land,,0,0
North_America_-140_25_-135_30,North America,,,0.0,0.0,ocean-no-land,,0,0
North_America_-135_25_-130_30,North America,,,0.0,0.0,ocean-no-land,,0,0
North_America_-130_25_-125_30,North America,,,0.0,0.0,ocean-no-land,,0,0
North_America_-125_25_-120_30,North America,,,0.0,0.0,ocean-no-land,,0,0
North_America_-120_25_-115_30,North America,Central America & Caribbean,North America,1.0,0.015,taxonomy,Central America & Caribbean 100%,0,0
North_America_-115_25_-110_30,North America,Central America & Caribbean,North America,1.0,0.457,taxonomy,Central America & Caribbean 100%,101197,229
North_America_-110_25_-105_30,North America,Central America & Caribbean,North America,1.0,0.933,taxonomy,Central America & Caribbean 100%,54425,218
North_America_-105_25_-100_30,North America,Central America & Caribbean,North America,0.879,1.0,taxonomy,Central America & Caribbean 88%; North America 12%,4084855,1278
North_America_-100_25_-95_30,North America,North America,North America,0.75,0.666,ok,North America 75%; Central America & Caribbean 25%,12884231,158655
North_America_-95_25_-90_30,North America,North America,North America,1.0,0.09,ok,North America 100%,10648608,337072
North_America_-90_25_-85_30,North America,North America,North America,1.0,0.021,ok,North America 100%,884931,30025
North_America_-85_25_-80_30,North America,North America,North America,1.0,0.373,ok,North America 100%,47365203,353662
North_America_-80_25_-75_30,North America,Central America & Caribbean,North America,1.0,0.013,taxonomy,Central America & Caribbean 100%,168253,866
North_America_-75_25_-70_30,North America,,,0.0,0.0,ocean-no-land,,0,0
North_America_-70_25_-65_30,North America,,,0.0,0.0,ocean-no-land,,0,0
North_America_-65_25_-60_30,North America,,,0.0,0.0,ocean-no-land,,0,0
North_America_-60_25_-55_30,North America,,,0.0,0.0,ocean-no-land,,0,0
North_America_-55_25_-50_30,North America,,,0.0,0.0,ocean-no-land,,0,0
Atlantic_Ocean_-50_25_-45_30,Atlantic Ocean,,,0.0,0.0,ocean-no-land,,0,0
Atlantic_Ocean_-45_25_-40_30,Atlantic Ocean,,,0.0,0.0,ocean-no-land,,0,0
Atlantic_Ocean_-40_25_-35_30,Atlantic Ocean,,,0.0,0.0,ocean-no-land,,0,0
Atlantic_Ocean_-35_25_-30_30,Atlantic Ocean,,,0.0,0.0,ocean-no-land,,0,0
Atlantic_Ocean_-30_25_-25_30,Atlantic Ocean,,,0.0,0.0,ocean-no-land,,0,0
Atlantic_Ocean_-25_25_-20_30,Atlantic Ocean,,,0.0,0.0,ocean-no-land,,0,0
Africa_-20_25_-15_30,Africa,Europe,Africa,1.0,0.017,taxonomy,Europe 100%,1377879,3968
Africa_-15_25_-10_30,Africa,Africa,Africa,0.984,0.547,ok,Africa 98%; Europe 2%,276525,3446
Africa_-10_25_-5_30,Africa,Africa,Africa,1.0,0.998,ok,Africa 100%,4800,14
Africa_-5_25_0_30,Africa,Africa,Africa,1.0,1.0,ok,Africa 100%,3,0
Africa_0_25_5_30,Africa,Africa,Africa,1.0,1.0,ok,Africa 100%,21264,49
Africa_5_25_10_30,Africa,Africa,Africa,1.0,1.0,ok,Africa 100%,22527,49
Africa_10_25_15_30,Africa,Africa,Africa,1.0,1.0,ok,Africa 100%,229,1
Africa_15_25_20_30,Africa,Africa,Africa,1.0,1.0,ok,Africa 100%,464,0
Africa_20_25_25_30,Africa,Africa,Africa,1.0,1.0,ok,Africa 100%,1,0
Africa_25_25_30_30,Africa,Africa,Africa,1.0,1.0,ok,Africa 100%,37,0
Africa_30_25_35_30,Africa,Africa,Africa,0.984,0.858,ok,Africa 98%; Middle East 2%,225721,1233
Africa_35_25_40_30,Africa,Middle East,Asia,1.0,0.847,MISASSIGNED,Middle East 100%,0,0
Africa_40_25_45_30,Africa,Middle East,Asia,1.0,1.0,MISASSIGNED,Middle East 100%,0,0
Africa_45_25_50_30,Africa,Middle East,Asia,1.0,0.826,MISASSIGNED,Middle East 100%,0,0
Africa_50_25_55_30,Africa,Middle East,Asia,1.0,0.505,MISASSIGNED,Middle East 100%,0,0
Middle_East_55_25_60_30,Middle East,Middle East,Asia,1.0,0.805,ok,Middle East 100%,4813723,13216
Middle_East_60_25_65_30,Middle East,South Asia,Asia,0.501,0.949,straddles,South Asia 50%; Middle East 42%; Central Asia 8%,38,0
South_Asia_65_25_70_30,South Asia,South Asia,Asia,0.984,0.972,ok,South Asia 98%; Central Asia 2%,4193746,55759
South_Asia_70_25_75_30,South Asia,South Asia,Asia,1.0,1.0,ok,South Asia 100%,234797,3648
South_Asia_75_25_80_30,South Asia,South Asia,Asia,1.0,1.0,ok,South Asia 100%,1418990,122578
South_Asia_80_25_85_30,South Asia,South Asia,Asia,0.921,1.0,ok,South Asia 92%; East Asia 8%,4044273,582905
South_Asia_85_25_90_30,South Asia,South Asia,Asia,0.6,1.0,ok,South Asia 60%; East Asia 40%,442223,5864
South_Asia_90_25_95_30,South Asia,South Asia,Asia,0.664,1.0,ok,South Asia 66%; East Asia 33%; Southeast Asia 1%,291528,3778
South_Asia_95_25_100_30,South Asia,East Asia,Asia,0.492,1.0,straddles,East Asia 49%; Southeast Asia 35%; South Asia 16%,14178,463
East_Asia_100_25_105_30,East Asia,East Asia,Asia,1.0,1.0,ok,East Asia 100%,75722,3241
East_Asia_105_25_110_30,East Asia,East Asia,Asia,1.0,1.0,ok,East Asia 100%,157349,175
East_Asia_110_25_115_30,East Asia,East Asia,Asia,1.0,1.0,ok,East Asia 100%,73815,292
East_Asia_115_25_120_30,East Asia,East Asia,Asia,1.0,0.966,ok,East Asia 100%,118812,274
East_Asia_120_25_125_30,East Asia,East Asia,Asia,1.0,0.161,ok,East Asia 100%,4395802,5848
East_Asia_125_25_130_30,East Asia,East Asia,Asia,1.0,0.008,ok,East Asia 100%,571542,2251
East_Asia_130_25_135_30,East Asia,,,0.0,0.0,ocean-no-land,,13927,30
East_Asia_135_25_140_30,East Asia,,,0.0,0.0,ocean-no-land,,0,0
East_Asia_140_25_145_30,East Asia,East Asia,Asia,1.0,0.0,ok,East Asia 100%,5864,149
East_Asia_145_25_150_30,East Asia,,,0.0,0.0,ocean-no-land,,0,0
Pacific_Ocean_150_25_155_30,Pacific Ocean,,,0.0,0.0,ocean-no-land,,0,0
Pacific_Ocean_155_25_160_30,Pacific Ocean,,,0.0,0.0,ocean-no-land,,0,0
Pacific_Ocean_160_25_165_30,Pacific Ocean,,,0.0,0.0,ocean-no-land,,0,0
Pacific_Ocean_165_25_170_30,Pacific Ocean,,,0.0,0.0,ocean-no-land,,0,0
Pacific_Ocean_170_25_175_30,Pacific Ocean,,,0.0,0.0,ocean-no-land,,0,0
Pacific_Ocean_175_25_180_30,Pacific Ocean,,,0.0,0.0,ocean-no-land,,0,0
Pacific_Ocean_-180_30_-175_35,Pacific Ocean,,,0.0,0.0,ocean-no-land,,0,0
Pacific_Ocean_-175_30_-170_35,Pacific Ocean,,,0.0,0.0,ocean-no-land,,0,0
North_America_-170_30_-165_35,North America,,,0.0,0.0,ocean-no-land,,0,0
North_America_-165_30_-160_35,North America,,,0.0,0.0,ocean-no-land,,0,0
North_America_-160_30_-155_35,North America,,,0.0,0.0,ocean-no-land,,0,0
North_America_-155_30_-150_35,North America,,,0.0,0.0,ocean-no-land,,0,0
North_America_-150_30_-145_35,North America,,,0.0,0.0,ocean-no-land,,0,0
North_America_-145_30_-140_35,North America,,,0.0,0.0,ocean-no-land,,0,0
North_America_-140_30_-135_35,North America,,,0.0,0.0,ocean-no-land,,0,0
North_America_-135_30_-130_35,North America,,,0.0,0.0,ocean-no-land,,0,0
North_America_-130_30_-125_35,North America,,,0.0,0.0,ocean-no-land,,0,0
North_America_-125_30_-120_35,North America,North America,North America,1.0,0.014,ok,North America 100%,1002094,8885
North_America_-120_30_-115_35,North America,North America,North America,0.692,0.487,ok,North America 69%; Central America & Caribbean 31%,48361435,377059
North_America_-115_30_-110_35,North America,North America,North America,0.711,0.894,ok,North America 71%; Central America & Caribbean 29%,16885117,137295
North_America_-110_30_-105_35,North America,North America,North America,0.712,1.0,ok,North America 71%; Central America & Caribbean 29%,1902763,41376
North_America_-105_30_-100_35,North America,North America,North America,0.994,1.0,ok,North America 99%; Central America & Caribbean 1%,1227178,20876
North_America_-100_30_-95_35,North America,North America,North America,1.0,1.0,ok,North America 100%,39283190,600395
North_America_-95_30_-90_35,North America,North America,North America,1.0,0.996,ok,North America 100%,63736103,1788687
North_America_-90_30_-85_35,North America,North America,North America,1.0,0.941,ok,North America 100%,17916450,396280
North_America_-85_30_-80_35,North America,North America,North America,1.0,0.877,ok,North America 100%,51497110,335933
North_America_-80_30_-75_35,North America,North America,North America,1.0,0.153,ok,North America 100%,1897110,12315
North_America_-75_30_-70_35,North America,,,0.0,0.0,ocean-no-land,,0,0
North_America_-70_30_-65_35,North America,,,0.0,0.0,ocean-no-land,,0,0
North_America_-65_30_-60_35,North America,North America,North America,1.0,0.0,ok,North America 100%,31124,0
North_America_-60_30_-55_35,North America,,,0.0,0.0,ocean-no-land,,0,0
North_America_-55_30_-50_35,North America,,,0.0,0.0,ocean-no-land,,0,0
Atlantic_Ocean_-50_30_-45_35,Atlantic Ocean,,,0.0,0.0,ocean-no-land,,0,0
Atlantic_Ocean_-45_30_-40_35,Atlantic Ocean,,,0.0,0.0,ocean-no-land,,0,0
Atlantic_Ocean_-40_30_-35_35,Atlantic Ocean,,,0.0,0.0,ocean-no-land,,0,0
Atlantic_Ocean_-35_30_-30_35,Atlantic Ocean,,,0.0,0.0,ocean-no-land,,0,0
Atlantic_Ocean_-30_30_-25_35,Atlantic Ocean,,,0.0,0.0,ocean-no-land,,0,0
Atlantic_Ocean_-25_30_-20_35,Atlantic Ocean,,,0.0,0.0,ocean-no-land,,0,0
Africa_-20_30_-15_35,Africa,Europe,Africa,1.0,0.003,taxonomy,Europe 100%,3221181,11302
Africa_-15_30_-10_35,Africa,,,0.0,0.0,ocean-no-land,,0,0
Africa_-10_30_-5_35,Africa,Africa,Africa,1.0,0.723,ok,Africa 100%,3519380,8037
Africa_-5_30_0_35,Africa,Africa,Africa,1.0,1.0,ok,Africa 100%,637557,1385
Africa_0_30_5_35,Africa,Africa,Africa,1.0,1.0,ok,Africa 100%,62555,0
Africa_5_30_10_35,Africa,Africa,Africa,1.0,1.0,ok,Africa 100%,124025,1394
Africa_10_30_15_35,Africa,Africa,Africa,1.0,0.627,ok,Africa 100%,385656,2796
Africa_15_30_20_35,Africa,Africa,Africa,1.0,0.203,ok,Africa 100%,535,0
Africa_20_30_25_35,Africa,Africa,Africa,0.999,0.493,ok,Africa 100%; Europe 0%,1031,0
Africa_25_30_30_35,Africa,Africa,Africa,0.997,0.256,ok,Africa 100%; Europe 0%,54635,112
Africa_30_30_35_35,Africa,Africa,Africa,0.789,0.293,ok,Africa 79%; Middle East 21%,4142192,23385
Africa_35_30_40_35,Africa,Middle East,Asia,1.0,0.954,MISASSIGNED,Middle East 100%,0,0
Africa_40_30_45_35,Africa,Middle East,Asia,1.0,1.0,MISASSIGNED,Middle East 100%,0,0
Africa_45_30_50_35,Africa,Middle East,Asia,1.0,0.99,MISASSIGNED,Middle East 100%,0,0
Africa_50_30_55_35,Africa,Middle East,Asia,1.0,0.999,MISASSIGNED,Middle East 100%,0,0
Middle_East_55_30_60_35,Middle East,Middle East,Asia,1.0,1.0,ok,Middle East 100%,5547,0
Middle_East_60_30_65_35,Middle East,Central Asia,Asia,0.807,1.0,taxonomy,Central Asia 81%; Middle East 19%,28,0
South_Asia_65_30_70_35,South Asia,Central Asia,Asia,0.738,1.0,taxonomy,Central Asia 74%; South Asia 26%,14912,102
South_Asia_70_30_75_35,South Asia,South Asia,Asia,0.95,1.0,ok,South Asia 95%; Central Asia 5%,1250679,13703
South_Asia_75_30_80_35,South Asia,South Asia,Asia,0.81,1.0,ok,South Asia 81%; East Asia 19%,421081,2758
South_Asia_80_30_85_35,South Asia,East Asia,Asia,0.967,1.0,taxonomy,East Asia 97%; South Asia 3%,781,0
South_Asia_85_30_90_35,South Asia,East Asia,Asia,1.0,1.0,taxonomy,East Asia 100%,0,0
South_Asia_90_30_95_35,South Asia,East Asia,Asia,1.0,1.0,taxonomy,East Asia 100%,1,0
South_Asia_95_30_100_35,South Asia,East Asia,Asia,1.0,1.0,taxonomy,East Asia 100%,7,0
East_Asia_100_30_105_35,East Asia,East Asia,Asia,1.0,1.0,ok,East Asia 100%,328737,9357
East_Asia_105_30_110_35,East Asia,East Asia,Asia,1.0,1.0,ok,East Asia 100%,121043,479
East_Asia_110_30_115_35,East Asia,East Asia,Asia,1.0,1.0,ok,East Asia 100%,38686,25
East_Asia_115_30_120_35,East Asia,East Asia,Asia,1.0,0.987,ok,East Asia 100%,73191,271
East_Asia_120_30_125_35,East Asia,East Asia,Asia,1.0,0.187,ok,East Asia 100%,305287,267
East_Asia_125_30_130_35,East Asia,East Asia,Asia,1.0,0.05,ok,East Asia 100%,747848,1536
East_Asia_130_30_135_35,East Asia,East Asia,Asia,1.0,0.303,ok,East Asia 100%,11329634,53252
East_Asia_135_30_140_35,East Asia,East Asia,Asia,1.0,0.096,ok,East Asia 100%,10583566,29913
East_Asia_140_30_145_35,East Asia,East Asia,Asia,1.0,0.0,ok,East Asia 100%,0,0
East_Asia_145_30_150_35,East Asia,,,0.0,0.0,ocean-no-land,,0,0
Pacific_Ocean_150_30_155_35,Pacific Ocean,,,0.0,0.0,ocean-no-land,,0,0
Pacific_Ocean_155_30_160_35,Pacific Ocean,,,0.0,0.0,ocean-no-land,,0,0
Pacific_Ocean_160_30_165_35,Pacific Ocean,,,0.0,0.0,ocean-no-land,,0,0
Pacific_Ocean_165_30_170_35,Pacific Ocean,,,0.0,0.0,ocean-no-land,,0,0
Pacific_Ocean_170_30_175_35,Pacific Ocean,,,0.0,0.0,ocean-no-land,,0,0
Pacific_Ocean_175_30_180_35,Pacific Ocean,,,0.0,0.0,ocean-no-land,,0,0
Pacific_Ocean_-180_35_-175_40,Pacific Ocean,,,0.0,0.0,ocean-no-land,,0,0
Pacific_Ocean_-175_35_-170_40,Pacific Ocean,,,0.0,0.0,ocean-no-land,,0,0
North_America_-170_35_-165_40,North America,,,0.0,0.0,ocean-no-land,,0,0
North_America_-165_35_-160_40,North America,,,0.0,0.0,ocean-no-land,,0,0
North_America_-160_35_-155_40,North America,,,0.0,0.0,ocean-no-land,,0,0
North_America_-155_35_-150_40,North America,,,0.0,0.0,ocean-no-land,,0,0
North_America_-150_35_-145_40,North America,,,0.0,0.0,ocean-no-land,,0,0
North_America_-145_35_-140_40,North America,,,0.0,0.0,ocean-no-land,,0,0
North_America_-140_35_-135_40,North America,,,0.0,0.0,ocean-no-land,,0,0
North_America_-135_35_-130_40,North America,,,0.0,0.0,ocean-no-land,,0,0
North_America_-130_35_-125_40,North America,,,0.0,0.0,ocean-no-land,,0,0
North_America_-125_35_-120_40,North America,North America,North America,1.0,0.491,ok,North America 100%,58307282,636861
North_America_-120_35_-115_40,North America,North America,North America,1.0,1.0,ok,North America 100%,21379102,346030
North_America_-115_35_-110_40,North America,North America,North America,1.0,1.0,ok,North America 100%,7084720,46159
North_America_-110_35_-105_40,North America,North America,North America,1.0,1.0,ok,North America 100%,8924958,123713
North_America_-105_35_-100_40,North America,North America,North America,1.0,1.0,ok,North America 100%,12752427,319873
North_America_-100_35_-95_40,North America,North America,North America,1.0,1.0,ok,North America 100%,14564930,493776
North_America_-95_35_-90_40,North America,North America,North America,1.0,1.0,ok,North America 100%,10534929,114191
North_America_-90_35_-85_40,North America,North America,North America,1.0,1.0,ok,North America 100%,24990582,323687
North_America_-85_35_-80_40,North America,North America,North America,1.0,1.0,ok,North America 100%,23785214,205917
North_America_-80_35_-75_40,North America,North America,North America,1.0,0.822,ok,North America 100%,60678830,580022
North_America_-75_35_-70_40,North America,North America,North America,1.0,0.024,ok,North America 100%,2323786,13078
North_America_-70_35_-65_40,North America,,,0.0,0.0,ocean-no-land,,0,0
North_America_-65_35_-60_40,North America,,,0.0,0.0,ocean-no-land,,0,0
North_America_-60_35_-55_40,North America,,,0.0,0.0,ocean-no-land,,0,0
North_America_-55_35_-50_40,North America,,,0.0,0.0,ocean-no-land,,0,0
Atlantic_Ocean_-50_35_-45_40,Atlantic Ocean,,,0.0,0.0,ocean-no-land,,0,0
Atlantic_Ocean_-45_35_-40_40,Atlantic Ocean,,,0.0,0.0,ocean-no-land,,0,0
Atlantic_Ocean_-40_35_-35_40,Atlantic Ocean,,,0.0,0.0,ocean-no-land,,0,0
Atlantic_Ocean_-35_35_-30_40,Atlantic Ocean,Europe,Seven seas (open ocean),1.0,0.001,ocean-label-kept,Europe 100%,86,0
Atlantic_Ocean_-30_35_-25_40,Atlantic Ocean,Europe,Seven seas (open ocean),1.0,0.008,ocean-label-kept,Europe 100%,56548,118
Europe_-25_35_-20_40,Europe,,,0.0,0.0,ocean-no-land,,0,0
Europe_-20_35_-15_40,Europe,,,0.0,0.0,ocean-no-land,,0,0
Europe_-15_35_-10_40,Europe,,,0.0,0.0,ocean-no-land,,0,0
Europe_-10_35_-5_40,Europe,Europe,Europe,0.941,0.548,ok,Europe 94%; Africa 6%,13331101,53721
Europe_-5_35_0_40,Europe,Europe,Europe,0.891,0.631,ok,Europe 89%; Africa 11%,3394532,15382
Europe_0_35_5_40,Europe,Africa,Africa,0.938,0.346,MISASSIGNED,Africa 94%; Europe 6%,0,0
Europe_5_35_10_40,Europe,Africa,Africa,0.899,0.44,MISASSIGNED,Africa 90%; Europe 10%,0,0
Europe_10_35_15_40,Europe,Europe,Europe,0.58,0.157,ok,Europe 58%; Africa 42%,309640,887
Europe_15_35_20_40,Europe,Europe,Europe,1.0,0.082,ok,Europe 100%,201993,81
Europe_20_35_25_40,Europe,Europe,Europe,1.0,0.315,ok,Europe 100%,741070,1423
Europe_25_35_30_40,Europe,Middle East,Asia,0.909,0.463,MISASSIGNED,Middle East 91%; Europe 9%,0,0
Europe_30_35_35_40,Europe,Middle East,Asia,1.0,0.729,MISASSIGNED,Middle East 100%,0,0
Europe_35_35_40_40,Europe,Middle East,Asia,1.0,0.938,MISASSIGNED,Middle East 100%,0,0
Africa_40_35_45_40,Africa,Middle East,Asia,1.0,1.0,MISASSIGNED,Middle East 100%,0,0
Africa_45_35_50_40,Africa,Middle East,Asia,1.0,0.908,MISASSIGNED,Middle East 100%,0,0
Africa_50_35_55_40,Africa,Middle East,Asia,0.746,0.525,MISASSIGNED,Middle East 75%; Central Asia 25%,0,0
Middle_East_55_35_60_40,Middle East,Middle East,Asia,0.568,1.0,ok,Middle East 57%; Central Asia 43%,429337,443
Middle_East_60_35_65_40,Middle East,Central Asia,Asia,0.919,1.0,taxonomy,Central Asia 92%; Middle East 8%,301968,1728
Central_Asia_65_35_70_40,Central Asia,Central Asia,Asia,1.0,1.0,ok,Central Asia 100%,297987,1074
Central_Asia_70_35_75_40,Central Asia,Central Asia,Asia,0.664,1.0,ok,Central Asia 66%; South Asia 26%; East Asia 8%,44476,281
Central_Asia_75_35_80_40,Central Asia,East Asia,Asia,0.877,1.0,taxonomy,East Asia 88%; South Asia 12%; Central Asia 0%,14422,88
Central_Asia_80_35_85_40,Central Asia,East Asia,Asia,1.0,1.0,taxonomy,East Asia 100%,6462,0
Central_Asia_85_35_90_40,Central Asia,East Asia,Asia,1.0,1.0,taxonomy,East Asia 100%,1,0
Pacific_Ocean_90_35_95_40,Pacific Ocean,East Asia,Asia,1.0,1.0,ocean-label-kept,East Asia 100%,183,0
Pacific_Ocean_95_35_100_40,Pacific Ocean,East Asia,Asia,1.0,1.0,ocean-label-kept,East Asia 100%,588,0
East_Asia_100_35_105_40,East Asia,East Asia,Asia,1.0,1.0,ok,East Asia 100%,21661,0
East_Asia_105_35_110_40,East Asia,East Asia,Asia,1.0,1.0,ok,East Asia 100%,15,0
East_Asia_110_35_115_40,East Asia,East Asia,Asia,1.0,1.0,ok,East Asia 100%,20829,133
East_Asia_115_35_120_40,East Asia,East Asia,Asia,1.0,0.831,ok,East Asia 100%,287753,993
East_Asia_120_35_125_40,East Asia,East Asia,Asia,1.0,0.167,ok,East Asia 100%,64919,259
East_Asia_125_35_130_40,East Asia,East Asia,Asia,1.0,0.566,ok,East Asia 100%,586767,1432
East_Asia_130_35_135_40,East Asia,East Asia,Asia,1.0,0.055,ok,East Asia 100%,1196143,5624
East_Asia_135_35_140_40,East Asia,East Asia,Asia,1.0,0.395,ok,East Asia 100%,47799130,190464
East_Asia_140_35_145_40,East Asia,East Asia,Asia,1.0,0.218,ok,East Asia 100%,21891577,57201
East_Asia_145_35_150_40,East Asia,,,0.0,0.0,ocean-no-land,,0,0
Pacific_Ocean_150_35_155_40,Pacific Ocean,,,0.0,0.0,ocean-no-land,,0,0
Pacific_Ocean_155_35_160_40,Pacific Ocean,,,0.0,0.0,ocean-no-land,,0,0
Pacific_Ocean_160_35_165_40,Pacific Ocean,,,0.0,0.0,ocean-no-land,,0,0
Pacific_Ocean_165_35_170_40,Pacific Ocean,,,0.0,0.0,ocean-no-land,,0,0
Pacific_Ocean_170_35_175_40,Pacific Ocean,,,0.0,0.0,ocean-no-land,,0,0
Pacific_Ocean_175_35_180_40,Pacific Ocean,,,0.0,0.0,ocean-no-land,,0,0
Pacific_Ocean_-180_40_-175_45,Pacific Ocean,,,0.0,0.0,ocean-no-land,,0,0
Pacific_Ocean_-175_40_-170_45,Pacific Ocean,,,0.0,0.0,ocean-no-land,,0,0
North_America_-170_40_-165_45,North America,,,0.0,0.0,ocean-no-land,,0,0
North_America_-165_40_-160_45,North America,,,0.0,0.0,ocean-no-land,,0,0
North_America_-160_40_-155_45,North America,,,0.0,0.0,ocean-no-land,,0,0
North_America_-155_40_-150_45,North America,,,0.0,0.0,ocean-no-land,,0,0
North_America_-150_40_-145_45,North America,,,0.0,0.0,ocean-no-land,,0,0
North_America_-145_40_-140_45,North America,,,0.0,0.0,ocean-no-land,,0,0
North_America_-140_40_-135_45,North America,,,0.0,0.0,ocean-no-land,,0,0
North_America_-135_40_-130_45,North America,,,0.0,0.0,ocean-no-land,,0,0
North_America_-130_40_-125_45,North America,,,0.0,0.0,ocean-no-land,,0,0
North_America_-125_40_-120_45,North America,North America,North America,1.0,0.846,ok,North America 100%,9713928,208599
North_America_-120_40_-115_45,North America,North America,North America,1.0,1.0,ok,North America 100%,2510007,89563
North_America_-115_40_-110_45,North America,North America,North America,1.0,1.0,ok,North America 100%,10509310,237694
North_America_-110_40_-105_45,North America,North America,North America,1.0,1.0,ok,North America 100%,3693128,48115
North_America_-105_40_-100_45,North America,North America,North America,1.0,1.0,ok,North America 100%,3771323,199222
North_America_-100_40_-95_45,North America,North America,North America,1.0,1.0,ok,North America 100%,3761032,113166
North_America_-95_40_-90_45,North America,North America,North America,1.0,1.0,ok,North America 100%,24195395,435618
North_America_-90_40_-85_45,North America,North America,North America,1.0,1.0,ok,North America 100%,24010610,344410
North_America_-85_40_-80_45,North America,North America,North America,1.0,1.0,ok,North America 100%,87511711,1318083
North_America_-80_40_-75_45,North America,North America,North America,1.0,1.0,ok,North America 100%,39068462,252915
North_America_-75_40_-70_45,North America,North America,North America,1.0,0.749,ok,North America 100%,99344093,987092
North_America_-70_40_-65_45,North America,North America,North America,1.0,0.132,ok,North America 100%,2424077,39823
North_America_-65_40_-60_45,North America,North America,North America,1.0,0.053,ok,North America 100%,138022,7
North_America_-60_40_-55_45,North America,North America,North America,1.0,0.0,ok,North America 100%,545,45
North_America_-55_40_-50_45,North America,,,0.0,0.0,ocean-no-land,,0,0
Atlantic_Ocean_-50_40_-45_45,Atlantic Ocean,,,0.0,0.0,ocean-no-land,,0,0
Atlantic_Ocean_-45_40_-40_45,Atlantic Ocean,,,0.0,0.0,ocean-no-land,,0,0
Atlantic_Ocean_-40_40_-35_45,Atlantic Ocean,,,0.0,0.0,ocean-no-land,,0,0
Atlantic_Ocean_-35_40_-30_45,Atlantic Ocean,,,0.0,0.0,ocean-no-land,,0,0
Atlantic_Ocean_-30_40_-25_45,Atlantic Ocean,,,0.0,0.0,ocean-no-land,,0,0
Europe_-25_40_-20_45,Europe,,,0.0,0.0,ocean-no-land,,0,0
Europe_-20_40_-15_45,Europe,,,0.0,0.0,ocean-no-land,,0,0
Europe_-15_40_-10_45,Europe,,,0.0,0.0,ocean-no-land,,0,0
Europe_-10_40_-5_45,Europe,Europe,Europe,1.0,0.551,ok,Europe 100%,26860624,60191
Europe_-5_40_0_45,Europe,Europe,Europe,1.0,0.768,ok,Europe 100%,12390690,77578
Europe_0_40_5_45,Europe,Europe,Europe,1.0,0.611,ok,Europe 100%,22437053,106439
Europe_5_40_10_45,Europe,Europe,Europe,1.0,0.347,ok,Europe 100%,11080578,35841
Europe_10_40_15_45,Europe,Europe,Europe,1.0,0.448,ok,Europe 100%,6749223,40302
Europe_15_40_20_45,Europe,Europe,Europe,1.0,0.602,ok,Europe 100%,9388981,77977
Europe_20_40_25_45,Europe,Europe,Europe,1.0,0.949,ok,Europe 100%,15583437,123513
Europe_25_40_30_45,Europe,Europe,Europe,0.717,0.651,ok,Europe 72%; Middle East 28%,9403158,38251
Europe_30_40_35_45,Europe,Middle East,Asia,0.932,0.351,MISASSIGNED,Middle East 93%; Russia & North Asia 7%,0,0
Europe_35_40_40_45,Europe,Middle East,Asia,0.741,0.337,MISASSIGNED,Middle East 74%; Russia & North Asia 26%,0,0
Indian_Ocean_40_40_45_45,Indian Ocean,Middle East,Asia,0.567,0.88,ocean-label-kept,Middle East 57%; Russia & North Asia 43%,2477212,35524
Central_Asia_45_40_50_45,Central Asia,Russia & North Asia,Europe,0.504,0.639,straddles,Russia & North Asia 50%; Middle East 50%; Central Asia 0%,846859,11576
Central_Asia_50_40_55_45,Central Asia,Central Asia,Asia,0.995,0.53,ok,Central Asia 100%; Middle East 0%,61398,13
Central_Asia_55_40_60_45,Central Asia,Central Asia,Asia,1.0,1.0,ok,Central Asia 100%,133503,279
Central_Asia_60_40_65_45,Central Asia,Central Asia,Asia,1.0,1.0,ok,Central Asia 100%,89980,418
Central_Asia_65_40_70_45,Central Asia,Central Asia,Asia,1.0,1.0,ok,Central Asia 100%,458954,2541
Central_Asia_70_40_75_45,Central Asia,Central Asia,Asia,0.991,1.0,ok,Central Asia 99%; East Asia 1%,253281,1716
Central_Asia_75_40_80_45,Central Asia,Central Asia,Asia,0.787,1.0,ok,Central Asia 79%; East Asia 21%,507651,5848
Central_Asia_80_40_85_45,Central Asia,East Asia,Asia,0.954,1.0,taxonomy,East Asia 95%; Central Asia 5%,14873,163
Central_Asia_85_40_90_45,Central Asia,East Asia,Asia,1.0,1.0,taxonomy,East Asia 100%,3271,1
Pacific_Ocean_90_40_95_45,Pacific Ocean,East Asia,Asia,1.0,1.0,ocean-label-kept,East Asia 100%,939,0
Pacific_Ocean_95_40_100_45,Pacific Ocean,East Asia,Asia,1.0,1.0,ocean-label-kept,East Asia 100%,37,0
East_Asia_100_40_105_45,East Asia,East Asia,Asia,1.0,1.0,ok,East Asia 100%,5932,87
East_Asia_105_40_110_45,East Asia,East Asia,Asia,1.0,1.0,ok,East Asia 100%,17470,235
East_Asia_110_40_115_45,East Asia,East Asia,Asia,1.0,1.0,ok,East Asia 100%,407,0
East_Asia_115_40_120_45,East Asia,East Asia,Asia,1.0,1.0,ok,East Asia 100%,68223,301
East_Asia_120_40_125_45,East Asia,East Asia,Asia,1.0,0.948,ok,East Asia 100%,2810,9
East_Asia_125_40_130_45,East Asia,East Asia,Asia,1.0,0.953,ok,East Asia 100%,7927,11
East_Asia_130_40_135_45,East Asia,Russia & North Asia,Asia,0.733,0.43,taxonomy,Russia & North Asia 73%; East Asia 27%,710952,9185
East_Asia_135_40_140_45,East Asia,Russia & North Asia,Asia,0.914,0.055,taxonomy,Russia & North Asia 91%; East Asia 9%,82834,437
East_Asia_140_40_145_45,East Asia,East Asia,Asia,1.0,0.392,ok,East Asia 100%,9208741,38329
East_Asia_145_40_150_45,East Asia,Russia & North Asia,Asia,0.525,0.026,straddles,Russia & North Asia 52%; East Asia 48%,202785,1908
Pacific_Ocean_150_40_155_45,Pacific Ocean,,,0.0,0.0,ocean-no-land,,0,0
Pacific_Ocean_155_40_160_45,Pacific Ocean,,,0.0,0.0,ocean-no-land,,0,0
Pacific_Ocean_160_40_165_45,Pacific Ocean,,,0.0,0.0,ocean-no-land,,0,0
Pacific_Ocean_165_40_170_45,Pacific Ocean,,,0.0,0.0,ocean-no-land,,0,0
Pacific_Ocean_170_40_175_45,Pacific Ocean,,,0.0,0.0,ocean-no-land,,0,0
Pacific_Ocean_175_40_180_45,Pacific Ocean,,,0.0,0.0,ocean-no-land,,0,0
Pacific_Ocean_-180_45_-175_50,Pacific Ocean,,,0.0,0.0,ocean-no-land,,0,0
Pacific_Ocean_-175_45_-170_50,Pacific Ocean,,,0.0,0.0,ocean-no-land,,0,0
North_America_-170_45_-165_50,North America,,,0.0,0.0,ocean-no-land,,0,0
North_America_-165_45_-160_50,North America,,,0.0,0.0,ocean-no-land,,0,0
North_America_-160_45_-155_50,North America,,,0.0,0.0,ocean-no-land,,0,0
North_America_-155_45_-150_50,North America,,,0.0,0.0,ocean-no-land,,0,0
North_America_-150_45_-145_50,North America,,,0.0,0.0,ocean-no-land,,0,0
North_America_-145_45_-140_50,North America,,,0.0,0.0,ocean-no-land,,0,0
North_America_-140_45_-135_50,North America,,,0.0,0.0,ocean-no-land,,0,0
North_America_-135_45_-130_50,North America,,,0.0,0.0,ocean-no-land,,0,0
North_America_-130_45_-125_50,North America,North America,North America,1.0,0.055,ok,North America 100%,94967,1328
North_America_-125_45_-120_50,North America,North America,North America,1.0,0.796,ok,North America 100%,35438124,253453
North_America_-120_45_-115_50,North America,North America,North America,1.0,1.0,ok,North America 100%,4117268,40763
North_America_-115_45_-110_50,North America,North America,North America,1.0,1.0,ok,North America 100%,2132322,32353
North_America_-110_45_-105_50,North America,North America,North America,1.0,1.0,ok,North America 100%,1556332,86625
North_America_-105_45_-100_50,North America,North America,North America,1.0,1.0,ok,North America 100%,291440,15857
North_America_-100_45_-95_50,North America,North America,North America,1.0,1.0,ok,North America 100%,5850946,316010
North_America_-95_45_-90_50,North America,North America,North America,1.0,1.0,ok,North America 100%,4657095,84266
North_America_-90_45_-85_50,North America,North America,North America,1.0,1.0,ok,North America 100%,2062302,19242
North_America_-85_45_-80_50,North America,North America,North America,1.0,1.0,ok,North America 100%,1075824,17422
North_America_-80_45_-75_50,North America,North America,North America,1.0,1.0,ok,North America 100%,4922043,40662
North_America_-75_45_-70_50,North America,North America,North America,1.0,0.978,ok,North America 100%,4991110,96847
North_America_-70_45_-65_50,North America,North America,North America,1.0,0.837,ok,North America 100%,685893,1080
North_America_-65_45_-60_50,North America,North America,North America,1.0,0.264,ok,North America 100%,431525,10475
North_America_-60_45_-55_50,North America,North America,North America,1.0,0.326,ok,North America 100%,1891,20
North_America_-55_45_-50_50,North America,North America,North America,1.0,0.146,ok,North America 100%,1157011,20132
Atlantic_Ocean_-50_45_-45_50,Atlantic Ocean,,,0.0,0.0,ocean-no-land,,0,0
Atlantic_Ocean_-45_45_-40_50,Atlantic Ocean,,,0.0,0.0,ocean-no-land,,0,0
Atlantic_Ocean_-40_45_-35_50,Atlantic Ocean,,,0.0,0.0,ocean-no-land,,0,0
Atlantic_Ocean_-35_45_-30_50,Atlantic Ocean,,,0.0,0.0,ocean-no-land,,0,0
Atlantic_Ocean_-30_45_-25_50,Atlantic Ocean,,,0.0,0.0,ocean-no-land,,0,0
Europe_-25_45_-20_50,Europe,,,0.0,0.0,ocean-no-land,,0,0
Europe_-20_45_-15_50,Europe,,,0.0,0.0,ocean-no-land,,0,0
Europe_-15_45_-10_50,Europe,,,0.0,0.0,ocean-no-land,,0,0
Europe_-10_45_-5_50,Europe,,,0.0,0.0,ocean-no-land,,15275,239
Europe_-5_45_0_50,Europe,Europe,Europe,1.0,0.401,ok,Europe 100%,17203940,143396
Europe_0_45_5_50,Europe,Europe,Europe,1.0,0.99,ok,Europe 100%,32420637,161412
Europe_5_45_10_50,Europe,Europe,Europe,1.0,1.0,ok,Europe 100%,94581449,722237
Europe_10_45_15_50,Europe,Europe,Europe,1.0,0.962,ok,Europe 100%,87067288,847088
Europe_15_45_20_50,Europe,Europe,Europe,1.0,1.0,ok,Europe 100%,63167766,418797
Europe_20_45_25_50,Europe,Europe,Europe,1.0,1.0,ok,Europe 100%,18854764,115902
Europe_25_45_30_50,Europe,Europe,Europe,1.0,0.99,ok,Europe 100%,28903057,195788
Europe_30_45_35_50,Europe,Europe,Europe,0.909,0.831,ok,Europe 91%; Russia & North Asia 9%,20000210,597
Europe_35_45_40_50,Europe,Europe,Europe,0.675,0.819,ok,Europe 68%; Russia & North Asia 32%,9405463,3151
Indian_Ocean_40_45_45_50,Indian Ocean,Russia & North Asia,Europe,0.998,1.0,ocean-label-kept,Russia & North Asia 100%; Europe 0%,1860831,4757
Central_Asia_45_45_50_50,Central Asia,Russia & North Asia,Europe,0.612,0.889,MISASSIGNED,Russia & North Asia 61%; Central Asia 39%,0,0
Central_Asia_50_45_55_50,Central Asia,Central Asia,Asia,1.0,0.792,ok,Central Asia 100%,2323,0
Central_Asia_55_45_60_50,Central Asia,Central Asia,Asia,1.0,1.0,ok,Central Asia 100%,2038,0
Central_Asia_60_45_65_50,Central Asia,Central Asia,Asia,1.0,1.0,ok,Central Asia 100%,37642,122
Central_Asia_65_45_70_50,Central Asia,Central Asia,Asia,1.0,1.0,ok,Central Asia 100%,44669,2452
Central_Asia_70_45_75_50,Central Asia,Central Asia,Asia,1.0,1.0,ok,Central Asia 100%,147463,6134
Central_Asia_75_45_80_50,Central Asia,Central Asia,Asia,1.0,1.0,ok,Central Asia 100%,4799,0
Central_Asia_80_45_85_50,Central Asia,Central Asia,Asia,0.791,1.0,ok,Central Asia 79%; East Asia 21%; Russia & North Asia 0%,10027,147
Central_Asia_85_45_90_50,Central Asia,East Asia,Asia,0.781,1.0,taxonomy,East Asia 78%; Central Asia 12%; Russia & North Asia 10%,757,19
Pacific_Ocean_90_45_95_50,Pacific Ocean,East Asia,Asia,1.0,1.0,ocean-label-kept,East Asia 100%,23004,376
Pacific_Ocean_95_45_100_50,Pacific Ocean,East Asia,Asia,0.989,1.0,ocean-label-kept,East Asia 99%; Russia & North Asia 1%,7168,233
East_Asia_100_45_105_50,East Asia,East Asia,Asia,1.0,1.0,ok,East Asia 100%,74422,7731
East_Asia_105_45_110_50,East Asia,East Asia,Asia,0.946,1.0,ok,East Asia 95%; Russia & North Asia 5%,841465,8164
East_Asia_110_45_115_50,East Asia,East Asia,Asia,0.918,1.0,ok,East Asia 92%; Russia & North Asia 8%,34920,2317
East_Asia_115_45_120_50,East Asia,East Asia,Asia,0.97,1.0,ok,East Asia 97%; Russia & North Asia 3%,1361,0
East_Asia_120_45_125_50,East Asia,East Asia,Asia,1.0,1.0,ok,East Asia 100%,1170,0
East_Asia_125_45_130_50,East Asia,East Asia,Asia,0.947,1.0,ok,East Asia 95%; Russia & North Asia 5%,21335,27
East_Asia_130_45_135_50,East Asia,Russia & North Asia,Asia,0.525,1.0,straddles,Russia & North Asia 53%; East Asia 47%,557184,4738
East_Asia_135_45_140_50,East Asia,Russia & North Asia,Asia,1.0,0.779,taxonomy,Russia & North Asia 100%,199619,1977
East_Asia_140_45_145_50,East Asia,Russia & North Asia,Asia,0.936,0.204,taxonomy,Russia & North Asia 94%; East Asia 6%,224291,2587
East_Asia_145_45_150_50,East Asia,Russia & North Asia,Asia,1.0,0.011,taxonomy,Russia & North Asia 100%,0,0
Pacific_Ocean_150_45_155_50,Pacific Ocean,Russia & North Asia,Asia,1.0,0.008,ocean-label-kept,Russia & North Asia 100%,0,0
Pacific_Ocean_155_45_160_50,Pacific Ocean,,,0.0,0.0,ocean-no-land,,0,0
Pacific_Ocean_160_45_165_50,Pacific Ocean,,,0.0,0.0,ocean-no-land,,0,0
Pacific_Ocean_165_45_170_50,Pacific Ocean,,,0.0,0.0,ocean-no-land,,0,0
Pacific_Ocean_170_45_175_50,Pacific Ocean,,,0.0,0.0,ocean-no-land,,0,0
Pacific_Ocean_175_45_180_50,Pacific Ocean,,,0.0,0.0,ocean-no-land,,0,0
Pacific_Ocean_-180_50_-175_55,Pacific Ocean,North America,North America,1.0,0.01,ocean-label-kept,North America 100%,0,0
Pacific_Ocean_-175_50_-170_55,Pacific Ocean,North America,North America,1.0,0.009,ocean-label-kept,North America 100%,0,0
North_America_-170_50_-165_55,North America,North America,North America,1.0,0.027,ok,North America 100%,0,0
North_America_-165_50_-160_55,North America,North America,North America,1.0,0.025,ok,North America 100%,0,0
North_America_-160_50_-155_55,North America,North America,North America,1.0,0.0,ok,North America 100%,0,0
North_America_-155_50_-150_55,North America,,,0.0,0.0,ocean-no-land,,0,0
North_America_-150_50_-145_55,North America,,,0.0,0.0,ocean-no-land,,0,0
North_America_-145_50_-140_55,North America,,,0.0,0.0,ocean-no-land,,0,0
North_America_-140_50_-135_55,North America,,,0.0,0.0,ocean-no-land,,0,0
North_America_-135_50_-130_55,North America,North America,North America,1.0,0.085,ok,North America 100%,1803,1
North_America_-130_50_-125_55,North America,North America,North America,1.0,0.716,ok,North America 100%,314710,1226
North_America_-125_50_-120_55,North America,North America,North America,1.0,0.997,ok,North America 100%,954500,4533
North_America_-120_50_-115_55,North America,North America,North America,1.0,1.0,ok,North America 100%,1237824,12569
North_America_-115_50_-110_55,North America,North America,North America,1.0,1.0,ok,North America 100%,3373013,61966
North_America_-110_50_-105_55,North America,North America,North America,1.0,1.0,ok,North America 100%,1507073,23069
North_America_-105_50_-100_55,North America,North America,North America,1.0,1.0,ok,North America 100%,360379,12823
North_America_-100_50_-95_55,North America,North America,North America,1.0,1.0,ok,North America 100%,232398,10146
North_America_-95_50_-90_55,North America,North America,North America,1.0,1.0,ok,North America 100%,7734,27
North_America_-90_50_-85_55,North America,North America,North America,1.0,1.0,ok,North America 100%,0,0
North_America_-85_50_-80_55,North America,North America,North America,1.0,0.748,ok,North America 100%,432,0
North_America_-80_50_-75_55,North America,North America,North America,1.0,0.852,ok,North America 100%,34811,0
North_America_-75_50_-70_55,North America,North America,North America,1.0,1.0,ok,North America 100%,0,0
North_America_-70_50_-65_55,North America,North America,North America,1.0,0.982,ok,North America 100%,49068,1029
North_America_-65_50_-60_55,North America,North America,North America,1.0,0.946,ok,North America 100%,109466,515
North_America_-60_50_-55_55,North America,North America,North America,1.0,0.568,ok,North America 100%,4,0
North_America_-55_50_-50_55,North America,,,0.0,0.0,ocean-no-land,,0,0
Atlantic_Ocean_-50_50_-45_55,Atlantic Ocean,,,0.0,0.0,ocean-no-land,,0,0
Atlantic_Ocean_-45_50_-40_55,Atlantic Ocean,,,0.0,0.0,ocean-no-land,,0,0
Atlantic_Ocean_-40_50_-35_55,Atlantic Ocean,,,0.0,0.0,ocean-no-land,,0,0
Atlantic_Ocean_-35_50_-30_55,Atlantic Ocean,,,0.0,0.0,ocean-no-land,,0,0
Atlantic_Ocean_-30_50_-25_55,Atlantic Ocean,,,0.0,0.0,ocean-no-land,,0,0
Europe_-25_50_-20_55,Europe,,,0.0,0.0,ocean-no-land,,0,0
Europe_-20_50_-15_55,Europe,,,0.0,0.0,ocean-no-land,,0,0
Europe_-15_50_-10_55,Europe,Europe,Europe,1.0,0.006,ok,Europe 100%,90191,1028
Europe_-10_50_-5_55,Europe,Europe,Europe,1.0,0.433,ok,Europe 100%,7128791,47549
Europe_-5_50_0_55,Europe,Europe,Europe,1.0,0.663,ok,Europe 100%,40263818,216708
Europe_0_50_5_55,Europe,Europe,Europe,1.0,0.332,ok,Europe 100%,97775567,1043790
Europe_5_50_10_55,Europe,Europe,Europe,1.0,0.765,ok,Europe 100%,195202667,2052849
Europe_10_50_15_55,Europe,Europe,Europe,1.0,0.853,ok,Europe 100%,83926858,750741
Europe_15_50_20_55,Europe,Europe,Europe,0.997,0.901,ok,Europe 100%; Russia & North Asia 0%,18189319,246527
Europe_20_50_25_55,Europe,Europe,Europe,0.935,0.997,ok,Europe 94%; Russia & North Asia 6%,18469239,144470
Europe_25_50_30_55,Europe,Europe,Europe,1.0,1.0,ok,Europe 100%,12436068,67035
Europe_30_50_35_55,Europe,Europe,Europe,0.596,1.0,ok,Europe 60%; Russia & North Asia 40%,24141988,37100
Europe_35_50_40_55,Europe,Russia & North Asia,Europe,0.95,1.0,taxonomy,Russia & North Asia 95%; Europe 5%,14335801,13879
Indian_Ocean_40_50_45_55,Indian Ocean,Russia & North Asia,Europe,1.0,1.0,ocean-label-kept,Russia & North Asia 100%,436320,1120
Central_Asia_45_50_50_55,Central Asia,Russia & North Asia,Europe,0.944,1.0,MISASSIGNED,Russia & North Asia 94%; Central Asia 6%,0,0
Central_Asia_50_50_55_55,Central Asia,Russia & North Asia,Europe,0.725,1.0,MISASSIGNED,Russia & North Asia 73%; Central Asia 27%,0,0
Central_Asia_55_50_60_55,Central Asia,Russia & North Asia,Europe,0.833,1.0,MISASSIGNED,Russia & North Asia 83%; Central Asia 17%,0,0
Central_Asia_60_50_65_55,Central Asia,Central Asia,Asia,0.683,1.0,ok,Central Asia 68%; Russia & North Asia 32%,265924,854
Central_Asia_65_50_70_55,Central Asia,Central Asia,Asia,0.965,1.0,ok,Central Asia 97%; Russia & North Asia 3%,24709,13
Central_Asia_70_50_75_55,Central Asia,Central Asia,Asia,0.833,1.0,ok,Central Asia 83%; Russia & North Asia 17%,490968,1181
Central_Asia_75_50_80_55,Central Asia,Central Asia,Asia,0.627,1.0,ok,Central Asia 63%; Russia & North Asia 37%,72283,1795
Central_Asia_80_50_85_55,Central Asia,Russia & North Asia,Asia,0.843,1.0,taxonomy,Russia & North Asia 84%; Central Asia 16%,1487228,5581
Central_Asia_85_50_90_55,Central Asia,Russia & North Asia,Asia,1.0,1.0,taxonomy,Russia & North Asia 100%; East Asia 0%,168380,46
Pacific_Ocean_90_50_95_55,Pacific Ocean,Russia & North Asia,Asia,0.906,1.0,ocean-label-kept,Russia & North Asia 91%; East Asia 9%,10100,1
Pacific_Ocean_95_50_100_55,Pacific Ocean,Russia & North Asia,Asia,0.856,1.0,ocean-label-kept,Russia & North Asia 86%; East Asia 14%,18772,2115
East_Asia_100_50_105_55,East Asia,Russia & North Asia,Asia,0.829,1.0,taxonomy,Russia & North Asia 83%; East Asia 17%,55582,1150
East_Asia_105_50_110_55,East Asia,Russia & North Asia,Asia,0.971,1.0,taxonomy,Russia & North Asia 97%; East Asia 3%,27168,407
East_Asia_110_50_115_55,East Asia,Russia & North Asia,Asia,0.99,1.0,taxonomy,Russia & North Asia 99%; East Asia 1%,2425,22
East_Asia_115_50_120_55,East Asia,Russia & North Asia,Asia,0.97,1.0,taxonomy,Russia & North Asia 97%; East Asia 3%,1385,2
East_Asia_120_50_125_55,East Asia,East Asia,Asia,0.64,1.0,ok,East Asia 64%; Russia & North Asia 36%,0,0
East_Asia_125_50_130_55,East Asia,Russia & North Asia,Asia,0.786,1.0,taxonomy,Russia & North Asia 79%; East Asia 21%,7593,4
East_Asia_130_50_135_55,East Asia,Russia & North Asia,Asia,1.0,1.0,taxonomy,Russia & North Asia 100%,16857,37
East_Asia_135_50_140_55,East Asia,Russia & North Asia,Asia,1.0,0.852,taxonomy,Russia & North Asia 100%,120940,985
East_Asia_140_50_145_55,East Asia,Russia & North Asia,Asia,1.0,0.364,taxonomy,Russia & North Asia 100%,143438,2834
East_Asia_145_50_150_55,East Asia,,,0.0,0.0,ocean-no-land,,0,0
Pacific_Ocean_150_50_155_55,Pacific Ocean,,,0.0,0.0,ocean-no-land,,0,0
Pacific_Ocean_155_50_160_55,Pacific Ocean,Russia & North Asia,Asia,1.0,0.463,ocean-label-kept,Russia & North Asia 100%,1160,0
Pacific_Ocean_160_50_165_55,Pacific Ocean,Russia & North Asia,Asia,1.0,0.042,ocean-label-kept,Russia & North Asia 100%,1,0
Pacific_Ocean_165_50_170_55,Pacific Ocean,Russia & North Asia,Asia,1.0,0.004,ocean-label-kept,Russia & North Asia 100%,0,0
Pacific_Ocean_170_50_175_55,Pacific Ocean,North America,North America,1.0,0.006,ocean-label-kept,North America 100%,0,0
Pacific_Ocean_175_50_180_55,Pacific Ocean,North America,North America,1.0,0.005,ocean-label-kept,North America 100%,0,0
Pacific_Ocean_-180_55_-175_60,Pacific Ocean,,,0.0,0.0,ocean-no-land,,0,0
Pacific_Ocean_-175_55_-170_60,Pacific Ocean,North America,North America,1.0,0.001,ocean-label-kept,North America 100%,40,0
North_America_-170_55_-165_60,North America,North America,North America,1.0,0.008,ok,North America 100%,0,0
North_America_-165_55_-160_60,North America,North America,North America,1.0,0.16,ok,North America 100%,0,0
North_America_-160_55_-155_60,North America,North America,North America,1.0,0.478,ok,North America 100%,1503,24
North_America_-155_55_-150_60,North America,North America,North America,1.0,0.21,ok,North America 100%,17445,111
North_America_-150_55_-145_60,North America,North America,North America,1.0,0.007,ok,North America 100%,4,0
North_America_-145_55_-140_60,North America,North America,North America,1.0,0.014,ok,North America 100%,0,0
North_America_-140_55_-135_60,North America,North America,North America,1.0,0.27,ok,North America 100%,101891,3082
North_America_-135_55_-130_60,North America,North America,North America,1.0,0.798,ok,North America 100%,255795,7322
North_America_-130_55_-125_60,North America,North America,North America,1.0,0.998,ok,North America 100%,127817,617
North_America_-125_55_-120_60,North America,North America,North America,1.0,1.0,ok,North America 100%,233119,7364
North_America_-120_55_-115_60,North America,North America,North America,1.0,1.0,ok,North America 100%,29385,304
North_America_-115_55_-110_60,North America,North America,North America,1.0,1.0,ok,North America 100%,21588,2250
North_America_-110_55_-105_60,North America,North America,North America,1.0,1.0,ok,North America 100%,58404,3267
North_America_-105_55_-100_60,North America,North America,North America,1.0,1.0,ok,North America 100%,24696,1575
North_America_-100_55_-95_60,North America,North America,North America,1.0,1.0,ok,North America 100%,1,0
North_America_-95_55_-90_60,North America,North America,North America,1.0,0.581,ok,North America 100%,0,0
North_America_-90_55_-85_60,North America,North America,North America,1.0,0.239,ok,North America 100%,0,0
North_America_-85_55_-80_60,North America,North America,North America,1.0,0.026,ok,North America 100%,0,0
North_America_-80_55_-75_60,North America,North America,North America,1.0,0.481,ok,North America 100%,0,0
North_America_-75_55_-70_60,North America,North America,North America,1.0,0.999,ok,North America 100%,3,0
North_America_-70_55_-65_60,North America,North America,North America,1.0,0.772,ok,North America 100%,88,0
North_America_-65_55_-60_60,North America,North America,North America,1.0,0.578,ok,North America 100%,0,0
North_America_-60_55_-55_60,North America,North America,North America,1.0,0.008,ok,North America 100%,0,0
North_America_-55_55_-50_60,North America,,,0.0,0.0,ocean-no-land,,0,0
Atlantic_Ocean_-50_55_-45_60,Atlantic Ocean,,,0.0,0.0,ocean-no-land,,0,0
Atlantic_Ocean_-45_55_-40_60,Atlantic Ocean,Greenland,North America,1.0,0.005,ocean-label-kept,Greenland 100%,0,0
Atlantic_Ocean_-40_55_-35_60,Atlantic Ocean,,,0.0,0.0,ocean-no-land,,0,0
Atlantic_Ocean_-35_55_-30_60,Atlantic Ocean,,,0.0,0.0,ocean-no-land,,0,0
Atlantic_Ocean_-30_55_-25_60,Atlantic Ocean,,,0.0,0.0,ocean-no-land,,0,0
Europe_-25_55_-20_60,Europe,,,0.0,0.0,ocean-no-land,,0,0
Europe_-20_55_-15_60,Europe,,,0.0,0.0,ocean-no-land,,0,0
Europe_-15_55_-10_60,Europe,,,0.0,0.0,ocean-no-land,,0,0
Europe_-10_55_-5_60,Europe,Europe,Europe,1.0,0.118,ok,Europe 100%,629247,12563
Europe_-5_55_0_60,Europe,Europe,Europe,1.0,0.355,ok,Europe 100%,5942406,78920
Europe_0_55_5_60,Europe,,,0.0,0.0,ocean-no-land,,0,0
Europe_5_55_10_60,Europe,Europe,Europe,1.0,0.422,ok,Europe 100%,12970097,166697
Europe_10_55_15_60,Europe,Europe,Europe,1.0,0.674,ok,Europe 100%,43546123,388697
Europe_15_55_20_60,Europe,Europe,Europe,1.0,0.351,ok,Europe 100%,16323087,199670
Europe_20_55_25_60,Europe,Europe,Europe,0.983,0.475,ok,Europe 98%; Russia & North Asia 2%,55611020,595472
Europe_25_55_30_60,Europe,Europe,Europe,0.626,0.932,ok,Europe 63%; Russia & North Asia 37%,14417936,116470
Europe_30_55_35_60,Europe,Russia & North Asia,Europe,0.973,0.999,taxonomy,Russia & North Asia 97%; Europe 3%,2607535,7786
Europe_35_55_40_60,Europe,Russia & North Asia,Europe,1.0,1.0,taxonomy,Russia & North Asia 100%,52724006,44717
Indian_Ocean_40_55_45_60,Indian Ocean,Russia & North Asia,Europe,1.0,1.0,ocean-label-kept,Russia & North Asia 100%,18286696,4048
Central_Asia_45_55_50_60,Central Asia,Russia & North Asia,Europe,1.0,1.0,MISASSIGNED,Russia & North Asia 100%,0,0
Central_Asia_50_55_55_60,Central Asia,Russia & North Asia,Europe,1.0,1.0,MISASSIGNED,Russia & North Asia 100%,0,0
Central_Asia_55_55_60_60,Central Asia,Russia & North Asia,Europe,1.0,1.0,MISASSIGNED,Russia & North Asia 100%,0,0
Central_Asia_60_55_65_60,Central Asia,Russia & North Asia,Asia,1.0,1.0,taxonomy,Russia & North Asia 100%,1302041,2257
Central_Asia_65_55_70_60,Central Asia,Russia & North Asia,Asia,0.979,1.0,taxonomy,Russia & North Asia 98%; Central Asia 2%,159466,5639
Central_Asia_70_55_75_60,Central Asia,Russia & North Asia,Asia,0.992,1.0,taxonomy,Russia & North Asia 99%; Central Asia 1%,5919,2
Central_Asia_75_55_80_60,Central Asia,Russia & North Asia,Asia,1.0,1.0,taxonomy,Russia & North Asia 100%,42,0
Central_Asia_80_55_85_60,Central Asia,Russia & North Asia,Asia,1.0,1.0,taxonomy,Russia & North Asia 100%,31814,59
Central_Asia_85_55_90_60,Central Asia,Russia & North Asia,Asia,1.0,1.0,taxonomy,Russia & North Asia 100%,4307,40
Pacific_Ocean_90_55_95_60,Pacific Ocean,Russia & North Asia,Asia,1.0,1.0,ocean-label-kept,Russia & North Asia 100%,50327,302
Pacific_Ocean_95_55_100_60,Pacific Ocean,Russia & North Asia,Asia,1.0,1.0,ocean-label-kept,Russia & North Asia 100%,5556,0
East_Asia_100_55_105_60,East Asia,Russia & North Asia,Asia,1.0,1.0,taxonomy,Russia & North Asia 100%,6187,0
East_Asia_105_55_110_60,East Asia,Russia & North Asia,Asia,1.0,1.0,taxonomy,Russia & North Asia 100%,1827,0
East_Asia_110_55_115_60,East Asia,Russia & North Asia,Asia,1.0,1.0,taxonomy,Russia & North Asia 100%,2583,1
East_Asia_115_55_120_60,East Asia,Russia & North Asia,Asia,1.0,1.0,taxonomy,Russia & North Asia 100%,1669,25
East_Asia_120_55_125_60,East Asia,Russia & North Asia,Asia,1.0,1.0,taxonomy,Russia & North Asia 100%,66022,447
East_Asia_125_55_130_60,East Asia,Russia & North Asia,Asia,1.0,1.0,taxonomy,Russia & North Asia 100%,2162,4
East_Asia_130_55_135_60,East Asia,Russia & North Asia,Asia,1.0,1.0,taxonomy,Russia & North Asia 100%,0,0
East_Asia_135_55_140_60,East Asia,Russia & North Asia,Asia,1.0,0.768,taxonomy,Russia & North Asia 100%,0,0
East_Asia_140_55_145_60,East Asia,Russia & North Asia,Asia,1.0,0.217,taxonomy,Russia & North Asia 100%,0,0
East_Asia_145_55_150_60,East Asia,Russia & North Asia,Asia,1.0,0.117,taxonomy,Russia & North Asia 100%,0,0
Pacific_Ocean_150_55_155_60,Pacific Ocean,Russia & North Asia,Asia,1.0,0.141,ocean-label-kept,Russia & North Asia 100%,3209,34
Pacific_Ocean_155_55_160_60,Pacific Ocean,Russia & North Asia,Asia,1.0,0.499,ocean-label-kept,Russia & North Asia 100%,0,0
Pacific_Ocean_160_55_165_60,Pacific Ocean,Russia & North Asia,Asia,1.0,0.517,ocean-label-kept,Russia & North Asia 100%,9,0
Pacific_Ocean_165_55_170_60,Pacific Ocean,Russia & North Asia,Asia,1.0,0.006,ocean-label-kept,Russia & North Asia 100%,0,0
Pacific_Ocean_170_55_175_60,Pacific Ocean,Russia & North Asia,Asia,1.0,0.0,ocean-label-kept,Russia & North Asia 100%,0,0
Pacific_Ocean_175_55_180_60,Pacific Ocean,,,0.0,0.0,ocean-no-land,,0,0
Pacific_Ocean_-180_60_-175_65,Pacific Ocean,Russia & North Asia,Asia,1.0,0.005,ocean-label-kept,Russia & North Asia 100%,0,0
Pacific_Ocean_-175_60_-170_65,Pacific Ocean,Russia & North Asia,Asia,0.663,0.068,ocean-label-kept,Russia & North Asia 66%; North America 34%,0,0
North_America_-170_60_-165_65,North America,North America,North America,1.0,0.101,ok,North America 100%,0,0
North_America_-165_60_-160_65,North America,North America,North America,1.0,0.757,ok,North America 100%,1115,88
North_America_-160_60_-155_65,North America,North America,North America,1.0,1.0,ok,North America 100%,0,0
North_America_-155_60_-150_65,North America,North America,North America,1.0,0.951,ok,North America 100%,48493,35
North_America_-150_60_-145_65,North America,North America,North America,1.0,0.9,ok,North America 100%,409017,347
North_America_-145_60_-140_65,North America,North America,North America,1.0,0.985,ok,North America 100%,41203,94
North_America_-140_60_-135_65,North America,North America,North America,1.0,1.0,ok,North America 100%,72205,339
North_America_-135_60_-130_65,North America,North America,North America,1.0,1.0,ok,North America 100%,26079,73
North_America_-130_60_-125_65,North America,North America,North America,1.0,1.0,ok,North America 100%,17258,60
North_America_-125_60_-120_65,North America,North America,North America,1.0,1.0,ok,North America 100%,689,0
North_America_-120_60_-115_65,North America,North America,North America,1.0,1.0,ok,North America 100%,2662,0
North_America_-115_60_-110_65,North America,North America,North America,1.0,1.0,ok,North America 100%,6090,46
North_America_-110_60_-105_65,North America,North America,North America,1.0,1.0,ok,North America 100%,0,0
North_America_-105_60_-100_65,North America,North America,North America,1.0,1.0,ok,North America 100%,0,0
North_America_-100_60_-95_65,North America,North America,North America,1.0,1.0,ok,North America 100%,0,0
North_America_-95_60_-90_65,North America,North America,North America,1.0,0.539,ok,North America 100%,0,0
North_America_-90_60_-85_65,North America,North America,North America,1.0,0.182,ok,North America 100%,0,0
North_America_-85_60_-80_65,North America,North America,North America,1.0,0.217,ok,North America 100%,0,0
North_America_-80_60_-75_65,North America,North America,North America,1.0,0.383,ok,North America 100%,0,0
North_America_-75_60_-70_65,North America,North America,North America,1.0,0.598,ok,North America 100%,0,0
North_America_-70_60_-65_65,North America,North America,North America,1.0,0.471,ok,North America 100%,0,0
North_America_-65_60_-60_65,North America,North America,North America,1.0,0.029,ok,North America 100%,0,0
Greenland_-60_60_-55_65,Greenland,,,0.0,0.0,ocean-no-land,,0,0
Greenland_-55_60_-50_65,Greenland,Greenland,North America,1.0,0.121,ok,Greenland 100%,27651,5
Greenland_-50_60_-45_65,Greenland,Greenland,North America,1.0,0.79,ok,Greenland 100%,7554,51
Greenland_-45_60_-40_65,Greenland,Greenland,North America,1.0,0.628,ok,Greenland 100%,0,0
Greenland_-40_60_-35_65,Greenland,,,0.0,0.0,ocean-no-land,,0,0
Greenland_-35_60_-30_65,Greenland,,,0.0,0.0,ocean-no-land,,0,0
Greenland_-30_60_-25_65,Greenland,,,0.0,0.0,ocean-no-land,,0,0
Greenland_-25_60_-20_65,Greenland,Europe,Europe,1.0,0.118,MISASSIGNED,Europe 100%,0,0
Greenland_-20_60_-15_65,Greenland,Europe,Europe,1.0,0.246,MISASSIGNED,Europe 100%,0,0
Greenland_-15_60_-10_65,Greenland,Europe,Europe,1.0,0.02,MISASSIGNED,Europe 100%,0,0
Europe_-10_60_-5_65,Europe,Europe,Europe,1.0,0.007,ok,Europe 100%,304198,276
Europe_-5_60_0_65,Europe,Europe,Europe,1.0,0.008,ok,Europe 100%,46954,3234
Europe_0_60_5_65,Europe,Europe,Europe,1.0,0.002,ok,Europe 100%,11101,917
Europe_5_60_10_65,Europe,Europe,Europe,1.0,0.57,ok,Europe 100%,1137852,16702
Europe_10_60_15_65,Europe,Europe,Europe,1.0,0.962,ok,Europe 100%,7500158,45197
Europe_15_60_20_65,Europe,Europe,Europe,1.0,0.7,ok,Europe 100%,7705929,71614
Europe_20_60_25_65,Europe,Europe,Europe,1.0,0.607,ok,Europe 100%,8813582,42919
Europe_25_60_30_65,Europe,Europe,Europe,0.922,0.922,ok,Europe 92%; Russia & North Asia 8%,4851378,30572
Europe_30_60_35_65,Europe,Russia & North Asia,Europe,0.921,0.997,taxonomy,Russia & North Asia 92%; Europe 8%,988928,3756
Europe_35_60_40_65,Europe,Russia & North Asia,Europe,1.0,0.898,taxonomy,Russia & North Asia 100%,191468,388
Russia_and_North_Asia_40_60_45_65,Russia & North Asia,Russia & North Asia,Europe,1.0,0.997,ok,Russia & North Asia 100%,321289,461
Russia_and_North_Asia_45_60_50_65,Russia & North Asia,Russia & North Asia,Europe,1.0,1.0,ok,Russia & North Asia 100%,34288,222
Russia_and_North_Asia_50_60_55_65,Russia & North Asia,Russia & North Asia,Europe,1.0,1.0,ok,Russia & North Asia 100%,43479,0
Russia_and_North_Asia_55_60_60_65,Russia & North Asia,Russia & North Asia,Europe,1.0,1.0,ok,Russia & North Asia 100%,9337,0
Russia_and_North_Asia_60_60_65_65,Russia & North Asia,Russia & North Asia,Asia,1.0,1.0,ok,Russia & North Asia 100%,2359,0
Russia_and_North_Asia_65_60_70_65,Russia & North Asia,Russia & North Asia,Asia,1.0,1.0,ok,Russia & North Asia 100%,1801,0
Russia_and_North_Asia_70_60_75_65,Russia & North Asia,Russia & North Asia,Asia,1.0,1.0,ok,Russia & North Asia 100%,24329,0
Russia_and_North_Asia_75_60_80_65,Russia & North Asia,Russia & North Asia,Asia,1.0,1.0,ok,Russia & North Asia 100%,100005,3
Russia_and_North_Asia_80_60_85_65,Russia & North Asia,Russia & North Asia,Asia,1.0,1.0,ok,Russia & North Asia 100%,16,0
Russia_and_North_Asia_85_60_90_65,Russia & North Asia,Russia & North Asia,Asia,1.0,1.0,ok,Russia & North Asia 100%,1918,0
Russia_and_North_Asia_90_60_95_65,Russia & North Asia,Russia & North Asia,Asia,1.0,1.0,ok,Russia & North Asia 100%,1431,0
Russia_and_North_Asia_95_60_100_65,Russia & North Asia,Russia & North Asia,Asia,1.0,1.0,ok,Russia & North Asia 100%,0,0
Russia_and_North_Asia_100_60_105_65,Russia & North Asia,Russia & North Asia,Asia,1.0,1.0,ok,Russia & North Asia 100%,0,0
Russia_and_North_Asia_105_60_110_65,Russia & North Asia,Russia & North Asia,Asia,1.0,1.0,ok,Russia & North Asia 100%,13,0
Russia_and_North_Asia_110_60_115_65,Russia & North Asia,Russia & North Asia,Asia,1.0,1.0,ok,Russia & North Asia 100%,2825,3
Russia_and_North_Asia_115_60_120_65,Russia & North Asia,Russia & North Asia,Asia,1.0,1.0,ok,Russia & North Asia 100%,45,0
Russia_and_North_Asia_120_60_125_65,Russia & North Asia,Russia & North Asia,Asia,1.0,1.0,ok,Russia & North Asia 100%,54,0
Russia_and_North_Asia_125_60_130_65,Russia & North Asia,Russia & North Asia,Asia,1.0,1.0,ok,Russia & North Asia 100%,2497,13
Russia_and_North_Asia_130_60_135_65,Russia & North Asia,Russia & North Asia,Asia,1.0,1.0,ok,Russia & North Asia 100%,22663,0
Russia_and_North_Asia_135_60_140_65,Russia & North Asia,Russia & North Asia,Asia,1.0,1.0,ok,Russia & North Asia 100%,24366,0
Russia_and_North_Asia_140_60_145_65,Russia & North Asia,Russia & North Asia,Asia,1.0,1.0,ok,Russia & North Asia 100%,105,0
Russia_and_North_Asia_145_60_150_65,Russia & North Asia,Russia & North Asia,Asia,1.0,1.0,ok,Russia & North Asia 100%,0,0
Russia_and_North_Asia_150_60_155_65,Russia & North Asia,Russia & North Asia,Asia,1.0,0.996,ok,Russia & North Asia 100%,1,0
Russia_and_North_Asia_155_60_160_65,Russia & North Asia,Russia & North Asia,Asia,1.0,0.71,ok,Russia & North Asia 100%,0,0
Russia_and_North_Asia_160_60_165_65,Russia & North Asia,Russia & North Asia,Asia,1.0,0.808,ok,Russia & North Asia 100%,0,0
Russia_and_North_Asia_165_60_170_65,Russia & North Asia,Russia & North Asia,Asia,1.0,0.925,ok,Russia & North Asia 100%,1,0
Russia_and_North_Asia_170_60_175_65,Russia & North Asia,Russia & North Asia,Asia,1.0,0.776,ok,Russia & North Asia 100%,0,0
Russia_and_North_Asia_175_60_180_65,Russia & North Asia,Russia & North Asia,Asia,1.0,0.383,ok,Russia & North Asia 100%,0,0
Pacific_Ocean_-180_65_-175_70,Pacific Ocean,Russia & North Asia,Asia,1.0,0.549,ocean-label-kept,Russia & North Asia 100%,0,0
Pacific_Ocean_-175_65_-170_70,Pacific Ocean,Russia & North Asia,Asia,1.0,0.289,ocean-label-kept,Russia & North Asia 100%,0,0
North_America_-170_65_-165_70,North America,North America,North America,0.991,0.147,ok,North America 99%; Russia & North Asia 1%,0,0
North_America_-165_65_-160_70,North America,North America,North America,1.0,0.779,ok,North America 100%,0,0
North_America_-160_65_-155_70,North America,North America,North America,1.0,1.0,ok,North America 100%,0,0
North_America_-155_65_-150_70,North America,North America,North America,1.0,1.0,ok,North America 100%,0,0
North_America_-150_65_-145_70,North America,North America,North America,1.0,1.0,ok,North America 100%,4148,0
North_America_-145_65_-140_70,North America,North America,North America,1.0,0.971,ok,North America 100%,0,0
North_America_-140_65_-135_70,North America,North America,North America,1.0,0.839,ok,North America 100%,0,0
North_America_-135_65_-130_70,North America,North America,North America,1.0,0.913,ok,North America 100%,0,0
North_America_-130_65_-125_70,North America,North America,North America,1.0,0.957,ok,North America 100%,1,0
North_America_-125_65_-120_70,North America,North America,North America,1.0,0.932,ok,North America 100%,0,0
North_America_-120_65_-115_70,North America,North America,North America,1.0,0.858,ok,North America 100%,0,0
North_America_-115_65_-110_70,North America,North America,North America,1.0,0.821,ok,North America 100%,0,0
North_America_-110_65_-105_70,North America,North America,North America,1.0,0.829,ok,North America 100%,0,0
North_America_-105_65_-100_70,North America,North America,North America,1.0,0.728,ok,North America 100%,0,0
North_America_-100_65_-95_70,North America,North America,North America,1.0,0.717,ok,North America 100%,0,0
North_America_-95_65_-90_70,North America,North America,North America,1.0,0.87,ok,North America 100%,0,0
North_America_-90_65_-85_70,North America,North America,North America,1.0,0.596,ok,North America 100%,0,0
North_America_-85_65_-80_70,North America,North America,North America,1.0,0.455,ok,North America 100%,0,0
North_America_-80_65_-75_70,North America,North America,North America,1.0,0.218,ok,North America 100%,0,0
North_America_-75_65_-70_70,North America,North America,North America,1.0,0.793,ok,North America 100%,0,0
North_America_-70_65_-65_70,North America,North America,North America,1.0,0.676,ok,North America 100%,0,0
North_America_-65_65_-60_70,North America,North America,North America,1.0,0.226,ok,North America 100%,0,0
Greenland_-60_65_-55_70,Greenland,,,0.0,0.0,ocean-no-land,,0,0
Greenland_-55_65_-50_70,Greenland,Greenland,North America,1.0,0.558,ok,Greenland 100%,6627,16
Greenland_-50_65_-45_70,Greenland,Greenland,North America,1.0,1.0,ok,Greenland 100%,10,0
Greenland_-45_65_-40_70,Greenland,Greenland,North America,1.0,0.996,ok,Greenland 100%,0,0
Greenland_-40_65_-35_70,Greenland,Greenland,North America,1.0,0.832,ok,Greenland 100%,229,0
Greenland_-35_65_-30_70,Greenland,Greenland,North America,1.0,0.475,ok,Greenland 100%,0,0
Greenland_-30_65_-25_70,Greenland,Greenland,North America,1.0,0.28,ok,Greenland 100%,0,0
Greenland_-25_65_-20_70,Greenland,Europe,Europe,0.77,0.156,MISASSIGNED,Europe 77%; Greenland 23%,0,0
Greenland_-20_65_-15_70,Greenland,Europe,Europe,1.0,0.23,MISASSIGNED,Europe 100%,0,0
Greenland_-15_65_-10_70,Greenland,Europe,Europe,1.0,0.041,MISASSIGNED,Europe 100%,0,0
Europe_-10_65_-5_70,Europe,,,0.0,0.0,ocean-no-land,,0,0
Europe_-5_65_0_70,Europe,,,0.0,0.0,ocean-no-land,,0,0
Europe_0_65_5_70,Europe,,,0.0,0.0,ocean-no-land,,0,0
Europe_5_65_10_70,Europe,,,0.0,0.0,ocean-no-land,,0,0
Europe_10_65_15_70,Europe,Europe,Europe,1.0,0.202,ok,Europe 100%,618420,8123
Europe_15_65_20_70,Europe,Europe,Europe,1.0,0.83,ok,Europe 100%,1296581,15251
Europe_20_65_25_70,Europe,Europe,Europe,1.0,0.89,ok,Europe 100%,1332003,4513
Europe_25_65_30_70,Europe,Europe,Europe,0.894,0.99,ok,Europe 89%; Russia & North Asia 11%,607957,2012
Europe_30_65_35_70,Europe,Russia & North Asia,Europe,0.989,0.858,taxonomy,Russia & North Asia 99%; Europe 1%,35924,81
Europe_35_65_40_70,Europe,Russia & North Asia,Europe,1.0,0.505,taxonomy,Russia & North Asia 100%,1384,10
Russia_and_North_Asia_40_65_45_70,Russia & North Asia,Russia & North Asia,Europe,1.0,0.38,ok,Russia & North Asia 100%,74836,79
Russia_and_North_Asia_45_65_50_70,Russia & North Asia,Russia & North Asia,Europe,1.0,0.551,ok,Russia & North Asia 100%,28860,26
Russia_and_North_Asia_50_65_55_70,Russia & North Asia,Russia & North Asia,Europe,1.0,0.694,ok,Russia & North Asia 100%,0,0
Russia_and_North_Asia_55_65_60_70,Russia & North Asia,Russia & North Asia,Europe,1.0,0.739,ok,Russia & North Asia 100%,25924,0
Russia_and_North_Asia_60_65_65_70,Russia & North Asia,Russia & North Asia,Europe,1.0,0.918,ok,Russia & North Asia 100%,6,0
Russia_and_North_Asia_65_65_70_70,Russia & North Asia,Russia & North Asia,Asia,1.0,0.857,ok,Russia & North Asia 100%,138,0
Russia_and_North_Asia_70_65_75_70,Russia & North Asia,Russia & North Asia,Asia,1.0,0.763,ok,Russia & North Asia 100%,16,0
Russia_and_North_Asia_75_65_80_70,Russia & North Asia,Russia & North Asia,Asia,1.0,0.944,ok,Russia & North Asia 100%,37,0
Russia_and_North_Asia_80_65_85_70,Russia & North Asia,Russia & North Asia,Asia,1.0,1.0,ok,Russia & North Asia 100%,49,0
Russia_and_North_Asia_85_65_90_70,Russia & North Asia,Russia & North Asia,Asia,1.0,1.0,ok,Russia & North Asia 100%,7060,0
Russia_and_North_Asia_90_65_95_70,Russia & North Asia,Russia & North Asia,Asia,1.0,1.0,ok,Russia & North Asia 100%,1704,24
Russia_and_North_Asia_95_65_100_70,Russia & North Asia,Russia & North Asia,Asia,1.0,1.0,ok,Russia & North Asia 100%,2,0
Russia_and_North_Asia_100_65_105_70,Russia & North Asia,Russia & North Asia,Asia,1.0,1.0,ok,Russia & North Asia 100%,0,0
Russia_and_North_Asia_105_65_110_70,Russia & North Asia,Russia & North Asia,Asia,1.0,1.0,ok,Russia & North Asia 100%,0,0
Russia_and_North_Asia_110_65_115_70,Russia & North Asia,Russia & North Asia,Asia,1.0,1.0,ok,Russia & North Asia 100%,7369,0
Russia_and_North_Asia_115_65_120_70,Russia & North Asia,Russia & North Asia,Asia,1.0,1.0,ok,Russia & North Asia 100%,0,0
Russia_and_North_Asia_120_65_125_70,Russia & North Asia,Russia & North Asia,Asia,1.0,1.0,ok,Russia & North Asia 100%,1,0
Russia_and_North_Asia_125_65_130_70,Russia & North Asia,Russia & North Asia,Asia,1.0,1.0,ok,Russia & North Asia 100%,21,0
Russia_and_North_Asia_130_65_135_70,Russia & North Asia,Russia & North Asia,Asia,1.0,1.0,ok,Russia & North Asia 100%,0,0
Russia_and_North_Asia_135_65_140_70,Russia & North Asia,Russia & North Asia,Asia,1.0,1.0,ok,Russia & North Asia 100%,0,0
Russia_and_North_Asia_140_65_145_70,Russia & North Asia,Russia & North Asia,Asia,1.0,1.0,ok,Russia & North Asia 100%,0,0
Russia_and_North_Asia_145_65_150_70,Russia & North Asia,Russia & North Asia,Asia,1.0,1.0,ok,Russia & North Asia 100%,2069,1
Russia_and_North_Asia_150_65_155_70,Russia & North Asia,Russia & North Asia,Asia,1.0,1.0,ok,Russia & North Asia 100%,0,0
Russia_and_North_Asia_155_65_160_70,Russia & North Asia,Russia & North Asia,Asia,1.0,0.998,ok,Russia & North Asia 100%,0,0
Russia_and_North_Asia_160_65_165_70,Russia & North Asia,Russia & North Asia,Asia,1.0,0.92,ok,Russia & North Asia 100%,0,0
Russia_and_North_Asia_165_65_170_70,Russia & North Asia,Russia & North Asia,Asia,1.0,0.899,ok,Russia & North Asia 100%,0,0
Russia_and_North_Asia_170_65_175_70,Russia & North Asia,Russia & North Asia,Asia,1.0,0.958,ok,Russia & North Asia 100%,0,0
Russia_and_North_Asia_175_65_180_70,Russia & North Asia,Russia & North Asia,Asia,1.0,0.91,ok,Russia & North Asia 100%,0,0
Pacific_Ocean_-180_70_-175_75,Pacific Ocean,Russia & North Asia,Asia,1.0,0.05,ocean-label-kept,Russia & North Asia 100%,0,0
Pacific_Ocean_-175_70_-170_75,Pacific Ocean,,,0.0,0.0,ocean-no-land,,0,0
North_America_-170_70_-165_75,North America,,,0.0,0.0,ocean-no-land,,0,0
North_America_-165_70_-160_75,North America,North America,North America,1.0,0.032,ok,North America 100%,0,0
North_America_-160_70_-155_75,North America,North America,North America,1.0,0.194,ok,North America 100%,152,0
North_America_-155_70_-150_75,North America,North America,North America,1.0,0.14,ok,North America 100%,0,0
North_America_-150_70_-145_75,North America,North America,North America,1.0,0.054,ok,North America 100%,0,0
North_America_-145_70_-140_75,North America,North America,North America,1.0,0.005,ok,North America 100%,0,0
North_America_-140_70_-135_75,North America,,,0.0,0.0,ocean-no-land,,0,0
North_America_-135_70_-130_75,North America,North America,North America,1.0,0.004,ok,North America 100%,0,0
North_America_-130_70_-125_75,North America,North America,North America,1.0,0.034,ok,North America 100%,0,0
North_America_-125_70_-120_75,North America,North America,North America,1.0,0.553,ok,North America 100%,0,0
North_America_-120_70_-115_75,North America,North America,North America,1.0,0.533,ok,North America 100%,0,0
North_America_-115_70_-110_75,North America,North America,North America,1.0,0.601,ok,North America 100%,0,0
North_America_-110_70_-105_75,North America,North America,North America,1.0,0.607,ok,North America 100%,0,0
North_America_-105_70_-100_75,North America,North America,North America,1.0,0.209,ok,North America 100%,0,0
North_America_-100_70_-95_75,North America,North America,North America,1.0,0.413,ok,North America 100%,0,0
North_America_-95_70_-90_75,North America,North America,North America,1.0,0.452,ok,North America 100%,0,0
North_America_-90_70_-85_75,North America,North America,North America,1.0,0.607,ok,North America 100%,0,0
North_America_-85_70_-80_75,North America,North America,North America,1.0,0.759,ok,North America 100%,0,0
North_America_-80_70_-75_75,North America,North America,North America,1.0,0.59,ok,North America 100%,0,0
North_America_-75_70_-70_75,North America,North America,North America,1.0,0.279,ok,North America 100%,0,0
North_America_-70_70_-65_75,North America,North America,North America,1.0,0.046,ok,North America 100%,0,0
North_America_-65_70_-60_75,North America,,,0.0,0.0,ocean-no-land,,0,0
Greenland_-60_70_-55_75,Greenland,Greenland,North America,1.0,0.126,ok,Greenland 100%,0,0
Greenland_-55_70_-50_75,Greenland,Greenland,North America,1.0,0.866,ok,Greenland 100%,146,0
Greenland_-50_70_-45_75,Greenland,Greenland,North America,1.0,1.0,ok,Greenland 100%,0,0
Greenland_-45_70_-40_75,Greenland,Greenland,North America,1.0,1.0,ok,Greenland 100%,0,0
Greenland_-40_70_-35_75,Greenland,Greenland,North America,1.0,1.0,ok,Greenland 100%,0,0
Greenland_-35_70_-30_75,Greenland,Greenland,North America,1.0,1.0,ok,Greenland 100%,0,0
Greenland_-30_70_-25_75,Greenland,Greenland,North America,1.0,0.916,ok,Greenland 100%,357,0
Greenland_-25_70_-20_75,Greenland,Greenland,North America,1.0,0.563,ok,Greenland 100%,3936,30
Greenland_-20_70_-15_75,Greenland,Greenland,North America,1.0,0.014,ok,Greenland 100%,0,0
Greenland_-15_70_-10_75,Greenland,,,0.0,0.0,ocean-no-land,,0,0
Europe_-10_70_-5_75,Europe,Europe,Europe,1.0,0.004,ok,Europe 100%,0,0
Europe_-5_70_0_75,Europe,,,0.0,0.0,ocean-no-land,,0,0
Europe_0_70_5_75,Europe,,,0.0,0.0,ocean-no-land,,0,0
Europe_5_70_10_75,Europe,,,0.0,0.0,ocean-no-land,,0,0
Europe_10_70_15_75,Europe,,,0.0,0.0,ocean-no-land,,0,0
Europe_15_70_20_75,Europe,Europe,Europe,1.0,0.006,ok,Europe 100%,3932,106
Europe_20_70_25_75,Europe,Europe,Europe,1.0,0.079,ok,Europe 100%,93118,1189
Europe_25_70_30_75,Europe,Europe,Europe,1.0,0.147,ok,Europe 100%,141834,1685
Europe_30_70_35_75,Europe,Europe,Europe,1.0,0.013,ok,Europe 100%,8645,309
Europe_35_70_40_75,Europe,,,0.0,0.0,ocean-no-land,,0,0
Russia_and_North_Asia_40_70_45_75,Russia & North Asia,,,0.0,0.0,ocean-no-land,,0,0
Russia_and_North_Asia_45_70_50_75,Russia & North Asia,,,0.0,0.0,ocean-no-land,,0,0
Russia_and_North_Asia_50_70_55_75,Russia & North Asia,Russia & North Asia,Europe,1.0,0.259,ok,Russia & North Asia 100%,0,0
Russia_and_North_Asia_55_70_60_75,Russia & North Asia,Russia & North Asia,Europe,1.0,0.33,ok,Russia & North Asia 100%,0,0
Russia_and_North_Asia_60_70_65_75,Russia & North Asia,Russia & North Asia,Europe,1.0,0.004,ok,Russia & North Asia 100%,0,0
Russia_and_North_Asia_65_70_70_75,Russia & North Asia,Russia & North Asia,Asia,1.0,0.249,ok,Russia & North Asia 100%,19,0
Russia_and_North_Asia_70_70_75_75,Russia & North Asia,Russia & North Asia,Asia,1.0,0.417,ok,Russia & North Asia 100%,0,0
Russia_and_North_Asia_75_70_80_75,Russia & North Asia,Russia & North Asia,Asia,1.0,0.42,ok,Russia & North Asia 100%,0,0
Russia_and_North_Asia_80_70_85_75,Russia & North Asia,Russia & North Asia,Asia,1.0,0.613,ok,Russia & North Asia 100%,0,0
Russia_and_North_Asia_85_70_90_75,Russia & North Asia,Russia & North Asia,Asia,1.0,0.912,ok,Russia & North Asia 100%,0,0
Russia_and_North_Asia_90_70_95_75,Russia & North Asia,Russia & North Asia,Asia,1.0,1.0,ok,Russia & North Asia 100%,0,0
Russia_and_North_Asia_95_70_100_75,Russia & North Asia,Russia & North Asia,Asia,1.0,1.0,ok,Russia & North Asia 100%,0,0
Russia_and_North_Asia_100_70_105_75,Russia & North Asia,Russia & North Asia,Asia,1.0,1.0,ok,Russia & North Asia 100%,0,0
Russia_and_North_Asia_105_70_110_75,Russia & North Asia,Russia & North Asia,Asia,1.0,0.925,ok,Russia & North Asia 100%,0,0
Russia_and_North_Asia_110_70_115_75,Russia & North Asia,Russia & North Asia,Asia,1.0,0.801,ok,Russia & North Asia 100%,0,0
Russia_and_North_Asia_115_70_120_75,Russia & North Asia,Russia & North Asia,Asia,1.0,0.697,ok,Russia & North Asia 100%,0,0
Russia_and_North_Asia_120_70_125_75,Russia & North Asia,Russia & North Asia,Asia,1.0,0.64,ok,Russia & North Asia 100%,0,0
Russia_and_North_Asia_125_70_130_75,Russia & North Asia,Russia & North Asia,Asia,1.0,0.599,ok,Russia & North Asia 100%,0,0
Russia_and_North_Asia_130_70_135_75,Russia & North Asia,Russia & North Asia,Asia,1.0,0.259,ok,Russia & North Asia 100%,0,0
Russia_and_North_Asia_135_70_140_75,Russia & North Asia,Russia & North Asia,Asia,1.0,0.342,ok,Russia & North Asia 100%,0,0
Russia_and_North_Asia_140_70_145_75,Russia & North Asia,Russia & North Asia,Asia,1.0,0.612,ok,Russia & North Asia 100%,0,0
Russia_and_North_Asia_145_70_150_75,Russia & North Asia,Russia & North Asia,Asia,1.0,0.457,ok,Russia & North Asia 100%,1,0
Russia_and_North_Asia_150_70_155_75,Russia & North Asia,Russia & North Asia,Asia,1.0,0.22,ok,Russia & North Asia 100%,0,0
Russia_and_North_Asia_155_70_160_75,Russia & North Asia,Russia & North Asia,Asia,1.0,0.194,ok,Russia & North Asia 100%,0,0
Russia_and_North_Asia_160_70_165_75,Russia & North Asia,Russia & North Asia,Asia,1.0,0.001,ok,Russia & North Asia 100%,0,0
Russia_and_North_Asia_165_70_170_75,Russia & North Asia,Russia & North Asia,Asia,1.0,0.0,ok,Russia & North Asia 100%,0,0
Russia_and_North_Asia_170_70_175_75,Russia & North Asia,Russia & North Asia,Asia,1.0,0.004,ok,Russia & North Asia 100%,0,0
Russia_and_North_Asia_175_70_180_75,Russia & North Asia,Russia & North Asia,Asia,1.0,0.025,ok,Russia & North Asia 100%,0,0
Pacific_Ocean_-180_75_-175_80,Pacific Ocean,,,0.0,0.0,ocean-no-land,,0,0
Pacific_Ocean_-175_75_-170_80,Pacific Ocean,,,0.0,0.0,ocean-no-land,,0,0
North_America_-170_75_-165_80,North America,,,0.0,0.0,ocean-no-land,,0,0
North_America_-165_75_-160_80,North America,,,0.0,0.0,ocean-no-land,,0,0
North_America_-160_75_-155_80,North America,,,0.0,0.0,ocean-no-land,,0,0
North_America_-155_75_-150_80,North America,,,0.0,0.0,ocean-no-land,,0,0
North_America_-150_75_-145_80,North America,,,0.0,0.0,ocean-no-land,,0,0
North_America_-145_75_-140_80,North America,,,0.0,0.0,ocean-no-land,,0,0
North_America_-140_75_-135_80,North America,,,0.0,0.0,ocean-no-land,,0,0
North_America_-135_75_-130_80,North America,,,0.0,0.0,ocean-no-land,,0,0
North_America_-130_75_-125_80,North America,,,0.0,0.0,ocean-no-land,,0,0
North_America_-125_75_-120_80,North America,North America,North America,1.0,0.067,ok,North America 100%,0,0
North_America_-120_75_-115_80,North America,North America,North America,1.0,0.257,ok,North America 100%,0,0
North_America_-115_75_-110_80,North America,North America,North America,1.0,0.312,ok,North America 100%,0,0
North_America_-110_75_-105_80,North America,North America,North America,1.0,0.223,ok,North America 100%,0,0
North_America_-105_75_-100_80,North America,North America,North America,1.0,0.305,ok,North America 100%,0,0
North_America_-100_75_-95_80,North America,North America,North America,1.0,0.36,ok,North America 100%,0,0
North_America_-95_75_-90_80,North America,North America,North America,1.0,0.533,ok,North America 100%,0,0
North_America_-90_75_-85_80,North America,North America,North America,1.0,0.601,ok,North America 100%,0,0
North_America_-85_75_-80_80,North America,North America,North America,1.0,0.797,ok,North America 100%,0,0
North_America_-80_75_-75_80,North America,North America,North America,1.0,0.472,ok,North America 100%,0,0
North_America_-75_75_-70_80,North America,Greenland,North America,0.614,0.163,taxonomy,Greenland 61%; North America 39%,0,0
North_America_-70_75_-65_80,North America,Greenland,North America,1.0,0.531,taxonomy,Greenland 100%,94,0
North_America_-65_75_-60_80,North America,Greenland,North America,1.0,0.758,taxonomy,Greenland 100%,0,0
Greenland_-60_75_-55_80,Greenland,Greenland,North America,1.0,0.944,ok,Greenland 100%,0,0
Greenland_-55_75_-50_80,Greenland,Greenland,North America,1.0,1.0,ok,Greenland 100%,0,0
Greenland_-50_75_-45_80,Greenland,Greenland,North America,1.0,1.0,ok,Greenland 100%,0,0
Greenland_-45_75_-40_80,Greenland,Greenland,North America,1.0,1.0,ok,Greenland 100%,0,0
Greenland_-40_75_-35_80,Greenland,Greenland,North America,1.0,1.0,ok,Greenland 100%,0,0
Greenland_-35_75_-30_80,Greenland,Greenland,North America,1.0,1.0,ok,Greenland 100%,0,0
Greenland_-30_75_-25_80,Greenland,Greenland,North America,1.0,1.0,ok,Greenland 100%,0,0
Greenland_-25_75_-20_80,Greenland,Greenland,North America,1.0,0.884,ok,Greenland 100%,0,0
Greenland_-20_75_-15_80,Greenland,Greenland,North America,1.0,0.12,ok,Greenland 100%,0,0
Greenland_-15_75_-10_80,Greenland,,,0.0,0.0,ocean-no-land,,0,0
Atlantic_Ocean_-10_75_-5_80,Atlantic Ocean,,,0.0,0.0,ocean-no-land,,0,0
Atlantic_Ocean_-5_75_0_80,Atlantic Ocean,,,0.0,0.0,ocean-no-land,,0,0
Atlantic_Ocean_0_75_5_80,Atlantic Ocean,,,0.0,0.0,ocean-no-land,,0,0
Atlantic_Ocean_5_75_10_80,Atlantic Ocean,,,0.0,0.0,ocean-no-land,,0,0
Atlantic_Ocean_10_75_15_80,Atlantic Ocean,Europe,Europe,1.0,0.224,ocean-label-kept,Europe 100%,20596,0
Atlantic_Ocean_15_75_20_80,Atlantic Ocean,Europe,Europe,1.0,0.416,ocean-label-kept,Europe 100%,71714,2888
Atlantic_Ocean_20_75_25_80,Atlantic Ocean,Europe,Europe,1.0,0.253,ocean-label-kept,Europe 100%,0,0
Russia_and_North_Asia_25_75_30_80,Russia & North Asia,Europe,Europe,1.0,0.041,taxonomy,Europe 100%,0,0
Russia_and_North_Asia_30_75_35_80,Russia & North Asia,,,0.0,0.0,ocean-no-land,,0,0
Russia_and_North_Asia_35_75_40_80,Russia & North Asia,,,0.0,0.0,ocean-no-land,,0,0
Russia_and_North_Asia_40_75_45_80,Russia & North Asia,,,0.0,0.0,ocean-no-land,,0,0
Russia_and_North_Asia_45_75_50_80,Russia & North Asia,,,0.0,0.0,ocean-no-land,,0,0
Russia_and_North_Asia_50_75_55_80,Russia & North Asia,Russia & North Asia,Europe,1.0,0.003,ok,Russia & North Asia 100%,0,0
Russia_and_North_Asia_55_75_60_80,Russia & North Asia,Russia & North Asia,Europe,1.0,0.093,ok,Russia & North Asia 100%,0,0
Russia_and_North_Asia_60_75_65_80,Russia & North Asia,Russia & North Asia,Europe,1.0,0.162,ok,Russia & North Asia 100%,0,0
Russia_and_North_Asia_65_75_70_80,Russia & North Asia,Russia & North Asia,Europe,1.0,0.111,ok,Russia & North Asia 100%,0,0
Russia_and_North_Asia_70_75_75_80,Russia & North Asia,,,0.0,0.0,ocean-no-land,,0,0
Russia_and_North_Asia_75_75_80_80,Russia & North Asia,Russia & North Asia,Asia,1.0,0.005,ok,Russia & North Asia 100%,0,0
Russia_and_North_Asia_80_75_85_80,Russia & North Asia,Russia & North Asia,Asia,1.0,0.004,ok,Russia & North Asia 100%,0,0
Russia_and_North_Asia_85_75_90_80,Russia & North Asia,Russia & North Asia,Asia,1.0,0.039,ok,Russia & North Asia 100%,0,0
Russia_and_North_Asia_90_75_95_80,Russia & North Asia,Russia & North Asia,Asia,1.0,0.226,ok,Russia & North Asia 100%,0,0
Russia_and_North_Asia_95_75_100_80,Russia & North Asia,Russia & North Asia,Asia,1.0,0.445,ok,Russia & North Asia 100%,0,0
Russia_and_North_Asia_100_75_105_80,Russia & North Asia,Russia & North Asia,Asia,1.0,0.627,ok,Russia & North Asia 100%,0,0
Russia_and_North_Asia_105_75_110_80,Russia & North Asia,Russia & North Asia,Asia,1.0,0.385,ok,Russia & North Asia 100%,0,0
Russia_and_North_Asia_110_75_115_80,Russia & North Asia,Russia & North Asia,Asia,1.0,0.212,ok,Russia & North Asia 100%,0,0
Russia_and_North_Asia_115_75_120_80,Russia & North Asia,,,0.0,0.0,ocean-no-land,,0,0
Russia_and_North_Asia_120_75_125_80,Russia & North Asia,,,0.0,0.0,ocean-no-land,,0,0
Russia_and_North_Asia_125_75_130_80,Russia & North Asia,,,0.0,0.0,ocean-no-land,,0,0
Russia_and_North_Asia_130_75_135_80,Russia & North Asia,,,0.0,0.0,ocean-no-land,,0,0
Russia_and_North_Asia_135_75_140_80,Russia & North Asia,Russia & North Asia,Asia,1.0,0.121,ok,Russia & North Asia 100%,0,0
Russia_and_North_Asia_140_75_145_80,Russia & North Asia,Russia & North Asia,Asia,1.0,0.146,ok,Russia & North Asia 100%,0,0
Russia_and_North_Asia_145_75_150_80,Russia & North Asia,Russia & North Asia,Asia,1.0,0.055,ok,Russia & North Asia 100%,0,0
Russia_and_North_Asia_150_75_155_80,Russia & North Asia,Russia & North Asia,Asia,1.0,0.006,ok,Russia & North Asia 100%,0,0
Russia_and_North_Asia_155_75_160_80,Russia & North Asia,,,0.0,0.0,ocean-no-land,,0,0
Russia_and_North_Asia_160_75_165_80,Russia & North Asia,,,0.0,0.0,ocean-no-land,,0,0
Russia_and_North_Asia_165_75_170_80,Russia & North Asia,,,0.0,0.0,ocean-no-land,,0,0
Russia_and_North_Asia_170_75_175_80,Russia & North Asia,,,0.0,0.0,ocean-no-land,,0,0
Russia_and_North_Asia_175_75_180_80,Russia & North Asia,,,0.0,0.0,ocean-no-land,,0,0
Arctic_-180_80_-175_85,Arctic,,,0.0,0.0,ocean-no-land,,0,0
Arctic_-175_80_-170_85,Arctic,,,0.0,0.0,ocean-no-land,,0,0
Arctic_-170_80_-165_85,Arctic,,,0.0,0.0,ocean-no-land,,0,0
Arctic_-165_80_-160_85,Arctic,,,0.0,0.0,ocean-no-land,,0,0
Arctic_-160_80_-155_85,Arctic,,,0.0,0.0,ocean-no-land,,0,0
Arctic_-155_80_-150_85,Arctic,,,0.0,0.0,ocean-no-land,,0,0
Arctic_-150_80_-145_85,Arctic,,,0.0,0.0,ocean-no-land,,0,0
Arctic_-145_80_-140_85,Arctic,,,0.0,0.0,ocean-no-land,,0,0
Arctic_-140_80_-135_85,Arctic,,,0.0,0.0,ocean-no-land,,0,0
Arctic_-135_80_-130_85,Arctic,,,0.0,0.0,ocean-no-land,,0,0
Arctic_-130_80_-125_85,Arctic,,,0.0,0.0,ocean-no-land,,0,0
Arctic_-125_80_-120_85,Arctic,,,0.0,0.0,ocean-no-land,,0,0
Arctic_-120_80_-115_85,Arctic,,,0.0,0.0,ocean-no-land,,0,0
Arctic_-115_80_-110_85,Arctic,,,0.0,0.0,ocean-no-land,,0,0
Arctic_-110_80_-105_85,Arctic,,,0.0,0.0,ocean-no-land,,0,0
Arctic_-105_80_-100_85,Arctic,North America,North America,1.0,0.0,ocean-label-kept,North America 100%,0,0
Arctic_-100_80_-95_85,Arctic,North America,North America,1.0,0.037,ocean-label-kept,North America 100%,0,0
Arctic_-95_80_-90_85,Arctic,North America,North America,1.0,0.217,ocean-label-kept,North America 100%,0,0
Arctic_-90_80_-85_85,Arctic,North America,North America,1.0,0.29,ocean-label-kept,North America 100%,0,0
Arctic_-85_80_-80_85,Arctic,North America,North America,1.0,0.418,ocean-label-kept,North America 100%,0,0
Arctic_-80_80_-75_85,Arctic,North America,North America,1.0,0.549,ocean-label-kept,North America 100%,0,0
Arctic_-75_80_-70_85,Arctic,North America,North America,1.0,0.592,ocean-label-kept,North America 100%,0,0
Arctic_-70_80_-65_85,Arctic,North America,North America,0.89,0.433,ocean-label-kept,North America 89%; Greenland 11%,0,0
Arctic_-65_80_-60_85,Arctic,Greenland,North America,0.706,0.358,ocean-label-kept,Greenland 71%; North America 29%,0,0
Arctic_-60_80_-55_85,Arctic,Greenland,North America,1.0,0.419,ocean-label-kept,Greenland 100%,0,0
Arctic_-55_80_-50_85,Arctic,Greenland,North America,1.0,0.431,ocean-label-kept,Greenland 100%,0,0
Arctic_-50_80_-45_85,Arctic,Greenland,North America,1.0,0.481,ocean-label-kept,Greenland 100%,0,0
Arctic_-45_80_-40_85,Arctic,Greenland,North America,1.0,0.616,ocean-label-kept,Greenland 100%,0,0
Arctic_-40_80_-35_85,Arctic,Greenland,North America,1.0,0.679,ocean-label-kept,Greenland 100%,0,0
Arctic_-35_80_-30_85,Arctic,Greenland,North America,1.0,0.71,ocean-label-kept,Greenland 100%,0,0
Arctic_-30_80_-25_85,Arctic,Greenland,North America,1.0,0.62,ocean-label-kept,Greenland 100%,0,0
Arctic_-25_80_-20_85,Arctic,Greenland,North America,1.0,0.411,ocean-label-kept,Greenland 100%,0,0
Arctic_-20_80_-15_85,Arctic,Greenland,North America,1.0,0.263,ocean-label-kept,Greenland 100%,3,0
Arctic_-15_80_-10_85,Arctic,Greenland,North America,1.0,0.089,ocean-label-kept,Greenland 100%,0,0
Arctic_-10_80_-5_85,Arctic,,,0.0,0.0,ocean-no-land,,0,0
Arctic_-5_80_0_85,Arctic,,,0.0,0.0,ocean-no-land,,0,0
Arctic_0_80_5_85,Arctic,,,0.0,0.0,ocean-no-land,,0,0
Arctic_5_80_10_85,Arctic,,,0.0,0.0,ocean-no-land,,0,0
Arctic_10_80_15_85,Arctic,,,0.0,0.0,ocean-no-land,,0,0
Arctic_15_80_20_85,Arctic,Europe,Europe,1.0,0.019,ocean-label-kept,Europe 100%,0,0
Arctic_20_80_25_85,Arctic,Europe,Europe,1.0,0.056,ocean-label-kept,Europe 100%,0,0
Arctic_25_80_30_85,Arctic,Europe,Europe,1.0,0.016,ocean-label-kept,Europe 100%,0,0
Arctic_30_80_35_85,Arctic,Europe,Europe,1.0,0.004,ocean-label-kept,Europe 100%,0,0
Arctic_35_80_40_85,Arctic,,,0.0,0.0,ocean-no-land,,0,0
Arctic_40_80_45_85,Arctic,Russia & North Asia,Europe,1.0,0.0,ocean-label-kept,Russia & North Asia 100%,0,0
Arctic_45_80_50_85,Arctic,Russia & North Asia,Europe,1.0,0.069,ocean-label-kept,Russia & North Asia 100%,0,0
Arctic_50_80_55_85,Arctic,Russia & North Asia,Europe,1.0,0.046,ocean-label-kept,Russia & North Asia 100%,0,0
Arctic_55_80_60_85,Arctic,Russia & North Asia,Europe,1.0,0.124,ocean-label-kept,Russia & North Asia 100%,0,0
Arctic_60_80_65_85,Arctic,Russia & North Asia,Europe,1.0,0.07,ocean-label-kept,Russia & North Asia 100%,0,0
Arctic_65_80_70_85,Arctic,Russia & North Asia,Europe,1.0,0.004,ocean-label-kept,Russia & North Asia 100%,0,0
Arctic_70_80_75_85,Arctic,,,0.0,0.0,ocean-no-land,,0,0
Arctic_75_80_80_85,Arctic,Russia & North Asia,Asia,1.0,0.005,ocean-label-kept,Russia & North Asia 100%,0,0
Arctic_80_80_85_85,Arctic,Russia & North Asia,Asia,1.0,0.001,ocean-label-kept,Russia & North Asia 100%,0,0
Arctic_85_80_90_85,Arctic,Russia & North Asia,Asia,1.0,0.0,ocean-label-kept,Russia & North Asia 100%,0,0
Arctic_90_80_95_85,Arctic,Russia & North Asia,Asia,1.0,0.11,ocean-label-kept,Russia & North Asia 100%,0,0
Arctic_95_80_100_85,Arctic,Russia & North Asia,Asia,1.0,0.103,ocean-label-kept,Russia & North Asia 100%,0,0
Arctic_100_80_105_85,Arctic,,,0.0,0.0,ocean-no-land,,0,0
Arctic_105_80_110_85,Arctic,,,0.0,0.0,ocean-no-land,,0,0
Arctic_110_80_115_85,Arctic,,,0.0,0.0,ocean-no-land,,0,0
Arctic_115_80_120_85,Arctic,,,0.0,0.0,ocean-no-land,,0,0
Arctic_120_80_125_85,Arctic,,,0.0,0.0,ocean-no-land,,0,0
Arctic_125_80_130_85,Arctic,,,0.0,0.0,ocean-no-land,,0,0
Arctic_130_80_135_85,Arctic,,,0.0,0.0,ocean-no-land,,0,0
Arctic_135_80_140_85,Arctic,,,0.0,0.0,ocean-no-land,,0,0
Arctic_140_80_145_85,Arctic,,,0.0,0.0,ocean-no-land,,0,0
Arctic_145_80_150_85,Arctic,,,0.0,0.0,ocean-no-land,,0,0
Arctic_150_80_155_85,Arctic,,,0.0,0.0,ocean-no-land,,0,0
Arctic_155_80_160_85,Arctic,,,0.0,0.0,ocean-no-land,,0,0
Arctic_160_80_165_85,Arctic,,,0.0,0.0,ocean-no-land,,0,0
Arctic_165_80_170_85,Arctic,,,0.0,0.0,ocean-no-land,,0,0
Arctic_170_80_175_85,Arctic,,,0.0,0.0,ocean-no-land,,0,0
Arctic_175_80_180_85,Arctic,,,0.0,0.0,ocean-no-land,,0,0
Arctic_-180_85_-175_90,Arctic,,,0.0,0.0,ocean-no-land,,0,0
Arctic_-175_85_-170_90,Arctic,,,0.0,0.0,ocean-no-land,,0,0
Arctic_-170_85_-165_90,Arctic,,,0.0,0.0,ocean-no-land,,0,0
Arctic_-165_85_-160_90,Arctic,,,0.0,0.0,ocean-no-land,,0,0
Arctic_-160_85_-155_90,Arctic,,,0.0,0.0,ocean-no-land,,0,0
Arctic_-155_85_-150_90,Arctic,,,0.0,0.0,ocean-no-land,,0,0
Arctic_-150_85_-145_90,Arctic,,,0.0,0.0,ocean-no-land,,0,0
Arctic_-145_85_-140_90,Arctic,,,0.0,0.0,ocean-no-land,,0,0
Arctic_-140_85_-135_90,Arctic,,,0.0,0.0,ocean-no-land,,0,0
Arctic_-135_85_-130_90,Arctic,,,0.0,0.0,ocean-no-land,,0,0
Arctic_-130_85_-125_90,Arctic,,,0.0,0.0,ocean-no-land,,0,0
Arctic_-125_85_-120_90,Arctic,,,0.0,0.0,ocean-no-land,,0,0
Arctic_-120_85_-115_90,Arctic,,,0.0,0.0,ocean-no-land,,0,0
Arctic_-115_85_-110_90,Arctic,,,0.0,0.0,ocean-no-land,,0,0
Arctic_-110_85_-105_90,Arctic,,,0.0,0.0,ocean-no-land,,0,0
Arctic_-105_85_-100_90,Arctic,,,0.0,0.0,ocean-no-land,,0,0
Arctic_-100_85_-95_90,Arctic,,,0.0,0.0,ocean-no-land,,0,0
Arctic_-95_85_-90_90,Arctic,,,0.0,0.0,ocean-no-land,,0,0
Arctic_-90_85_-85_90,Arctic,,,0.0,0.0,ocean-no-land,,0,0
Arctic_-85_85_-80_90,Arctic,,,0.0,0.0,ocean-no-land,,0,0
Arctic_-80_85_-75_90,Arctic,,,0.0,0.0,ocean-no-land,,0,0
Arctic_-75_85_-70_90,Arctic,,,0.0,0.0,ocean-no-land,,0,0
Arctic_-70_85_-65_90,Arctic,,,0.0,0.0,ocean-no-land,,0,0
Arctic_-65_85_-60_90,Arctic,,,0.0,0.0,ocean-no-land,,0,0
Arctic_-60_85_-55_90,Arctic,,,0.0,0.0,ocean-no-land,,0,0
Arctic_-55_85_-50_90,Arctic,,,0.0,0.0,ocean-no-land,,0,0
Arctic_-50_85_-45_90,Arctic,,,0.0,0.0,ocean-no-land,,0,0
Arctic_-45_85_-40_90,Arctic,,,0.0,0.0,ocean-no-land,,0,0
Arctic_-40_85_-35_90,Arctic,,,0.0,0.0,ocean-no-land,,0,0
Arctic_-35_85_-30_90,Arctic,,,0.0,0.0,ocean-no-land,,0,0
Arctic_-30_85_-25_90,Arctic,,,0.0,0.0,ocean-no-land,,0,0
Arctic_-25_85_-20_90,Arctic,,,0.0,0.0,ocean-no-land,,0,0
Arctic_-20_85_-15_90,Arctic,,,0.0,0.0,ocean-no-land,,0,0
Arctic_-15_85_-10_90,Arctic,,,0.0,0.0,ocean-no-land,,0,0
Arctic_-10_85_-5_90,Arctic,,,0.0,0.0,ocean-no-land,,0,0
Arctic_-5_85_0_90,Arctic,,,0.0,0.0,ocean-no-land,,0,0
Arctic_0_85_5_90,Arctic,,,0.0,0.0,ocean-no-land,,0,0
Arctic_5_85_10_90,Arctic,,,0.0,0.0,ocean-no-land,,0,0
Arctic_10_85_15_90,Arctic,,,0.0,0.0,ocean-no-land,,0,0
Arctic_15_85_20_90,Arctic,,,0.0,0.0,ocean-no-land,,0,0
Arctic_20_85_25_90,Arctic,,,0.0,0.0,ocean-no-land,,0,0
Arctic_25_85_30_90,Arctic,,,0.0,0.0,ocean-no-land,,0,0
Arctic_30_85_35_90,Arctic,,,0.0,0.0,ocean-no-land,,0,0
Arctic_35_85_40_90,Arctic,,,0.0,0.0,ocean-no-land,,0,0
Arctic_40_85_45_90,Arctic,,,0.0,0.0,ocean-no-land,,0,0
Arctic_45_85_50_90,Arctic,,,0.0,0.0,ocean-no-land,,0,0
Arctic_50_85_55_90,Arctic,,,0.0,0.0,ocean-no-land,,0,0
Arctic_55_85_60_90,Arctic,,,0.0,0.0,ocean-no-land,,0,0
Arctic_60_85_65_90,Arctic,,,0.0,0.0,ocean-no-land,,0,0
Arctic_65_85_70_90,Arctic,,,0.0,0.0,ocean-no-land,,0,0
Arctic_70_85_75_90,Arctic,,,0.0,0.0,ocean-no-land,,0,0
Arctic_75_85_80_90,Arctic,,,0.0,0.0,ocean-no-land,,0,0
Arctic_80_85_85_90,Arctic,,,0.0,0.0,ocean-no-land,,0,0
Arctic_85_85_90_90,Arctic,,,0.0,0.0,ocean-no-land,,0,0
Arctic_90_85_95_90,Arctic,,,0.0,0.0,ocean-no-land,,0,0
Arctic_95_85_100_90,Arctic,,,0.0,0.0,ocean-no-land,,0,0
Arctic_100_85_105_90,Arctic,,,0.0,0.0,ocean-no-land,,0,0
Arctic_105_85_110_90,Arctic,,,0.0,0.0,ocean-no-land,,0,0
Arctic_110_85_115_90,Arctic,,,0.0,0.0,ocean-no-land,,0,0
Arctic_115_85_120_90,Arctic,,,0.0,0.0,ocean-no-land,,0,0
Arctic_120_85_125_90,Arctic,,,0.0,0.0,ocean-no-land,,0,0
Arctic_125_85_130_90,Arctic,,,0.0,0.0,ocean-no-land,,0,0
Arctic_130_85_135_90,Arctic,,,0.0,0.0,ocean-no-land,,0,0
Arctic_135_85_140_90,Arctic,,,0.0,0.0,ocean-no-land,,0,0
Arctic_140_85_145_90,Arctic,,,0.0,0.0,ocean-no-land,,0,0
Arctic_145_85_150_90,Arctic,,,0.0,0.0,ocean-no-land,,0,0
Arctic_150_85_155_90,Arctic,,,0.0,0.0,ocean-no-land,,0,0
Arctic_155_85_160_90,Arctic,,,0.0,0.0,ocean-no-land,,0,0
Arctic_160_85_165_90,Arctic,,,0.0,0.0,ocean-no-land,,0,0
Arctic_165_85_170_90,Arctic,,,0.0,0.0,ocean-no-land,,0,0
Arctic_170_85_175_90,Arctic,,,0.0,0.0,ocean-no-land,,0,0
Arctic_175_85_180_90,Arctic,,,0.0,0.0,ocean-no-land,,0,0
